1	-0.77835282	-0.77827907	-0.77715084	-0.77768415	-0.77590005	-0.77242112	-0.76546368	-0.76227521	-0.76375171	-0.76535620	-0.76561727	-0.76597758	-0.76856885	-0.77674009	-0.78191495	-0.78205063	-0.77799435	-0.77678608	-0.77608194	-0.77861324	-0.78267158	-0.78045439	-0.77700149	-0.76996878	-0.76981823	-0.76871170	-0.76990229	-0.77251418	-0.77290822	-0.77446878	-0.77413797	-0.76995012	-0.76900216	-0.76946942	-0.77118182	-0.77031196	-0.76104601	-0.71916875	-0.66383998	-0.63926769	-0.63442007	-0.62869976	-0.63340638	-0.62427167	-0.59826378	-0.57381015	-0.56251975	-0.55017650	-0.52819810	-0.47662430	-0.39206771	-0.30889759	-0.01115669	0.28711513	0.43799566	0.61875099	0.88714801	1.13564490	1.34145480	1.52004840	1.61150330	1.65577540	1.67503620	1.68824090	1.69860550	1.70347030	1.70373850	1.70054830	1.70002710	1.69833030	1.69697880	1.69510310	1.69674930	1.69660750	1.69419920	1.68868690	1.68868690	1.68659580	1.67821800	1.67161270	1.66792970	1.66215450	1.66240950	1.65551100	1.64838390	1.63725250	1.63716450	1.63443230	1.62211580	1.59738760	1.56756810	1.50634270	1.40584950	1.28117140	1.13921620	0.97935621	0.80906414	0.64691923	0.47169040	0.30269370	0.18773681	0.03905840	-0.07869758	-0.20821437	-0.31264454	-0.38899594	-0.45182500	-0.49965696	-0.53307436	-0.55715400	-0.56284145	-0.57743736	-0.59806714	-0.62009554	-0.63717177	-0.64028974	-0.63695831	-0.63048820	-0.60813961	-0.58754280	-0.57186065	-0.55389145	-0.53961389	-0.53883187	-0.55839037	-0.58863936	-0.62928784	-0.66250990	-0.69087978	-0.70717443	-0.72228477	-0.73265422	-0.73873723	-0.73923604	-0.73840934	-0.73718665	-0.73140657	-0.72740235	-0.72749086	-0.72378459	-0.72205505	-0.71871191	-0.71353402	-0.71002135	-0.70412555	-0.70326284	-0.70339321	-0.70419626	-0.70760524	-0.70712020
1	-0.75006044	-0.74810290	-0.74616400	-0.74592590	-0.74376653	-0.74380547	-0.74521298	-0.74508159	-0.74572743	-0.74581502	-0.74598911	-0.74568185	-0.74569998	-0.74561675	-0.74634602	-0.74563756	-0.74554026	-0.74488431	-0.74483576	-0.74605927	-0.74428930	-0.74481059	-0.74500500	-0.74428445	-0.74262576	-0.74215639	-0.74119754	-0.74075918	-0.73883068	-0.73785994	-0.72946106	-0.70013523	-0.65003881	-0.60091977	-0.57789281	-0.56986847	-0.56301760	-0.57064252	-0.57864982	-0.58557173	-0.58579864	-0.57486426	-0.55792917	-0.53890367	-0.51600086	-0.47483570	-0.40691638	-0.32780754	-0.25246295	-0.07079789	0.11265102	0.25307494	0.48088629	0.68198776	0.87282180	1.06665430	1.25390650	1.44373660	1.61974640	1.70016160	1.73363570	1.75238040	1.76611340	1.77170470	1.77356590	1.77810450	1.78070020	1.78158840	1.78327800	1.77977610	1.78197220	1.77692770	1.77684970	1.77622820	1.77654160	1.77739630	1.77739630	1.77187130	1.76420200	1.76224990	1.76369590	1.75943940	1.75269620	1.74221740	1.71824540	1.67776970	1.61652640	1.51421880	1.39925240	1.26102930	1.11757460	0.95725203	0.78539811	0.61598357	0.45022796	0.28726923	0.14467732	0.01847920	-0.10955546	-0.21449895	-0.31115256	-0.37319512	-0.42763604	-0.45897579	-0.47963183	-0.50516626	-0.51764270	-0.52649173	-0.53481758	-0.53970259	-0.54970507	-0.55320497	-0.55425428	-0.55387072	-0.55306060	-0.55643119	-0.55563048	-0.56195412	-0.57254041	-0.59158662	-0.62088014	-0.65931866	-0.70089681	-0.73523299	-0.76842622	-0.78611030	-0.79230513	-0.79151442	-0.79000902	-0.78887023	-0.78195030	-0.77419637	-0.76772549	-0.75441485	-0.74324940	-0.73418407	-0.72340902	-0.72179215	-0.72126352	-0.72090751	-0.72166660	-0.72466126	-0.72922950	-0.72893958	-0.72783368	-0.72824400	-0.72645332	-0.72551657	-0.72519058	-0.72467880
1	-1.17720630	-1.17583890	-1.17318520	-1.17088980	-1.16948750	-1.16630860	-1.16591910	-1.16764250	-1.16690140	-1.16844120	-1.16867030	-1.16988190	-1.17198070	-1.17449680	-1.17222920	-1.15104310	-1.11123750	-1.03810870	-0.96357665	-0.87918659	-0.81775569	-0.77833289	-0.76375132	-0.75815695	-0.76005649	-0.74471094	-0.72134955	-0.70108513	-0.68857162	-0.68129625	-0.67461563	-0.67310385	-0.67251794	-0.65469819	-0.60799410	-0.54050916	-0.41217332	-0.25320364	-0.09812783	0.07907487	0.22602024	0.37900157	0.50075963	0.62800218	0.73885482	0.85419789	0.94419166	1.02504300	1.08790430	1.13109300	1.16093230	1.17049320	1.18722930	1.18839340	1.18929030	1.19366670	1.20147690	1.20238780	1.20090540	1.19896860	1.20223680	1.19912530	1.19923080	1.20072620	1.19844370	1.20020400	1.19738230	1.19721470	1.19733380	1.19476910	1.19258050	1.19139990	1.18980490	1.18625660	1.19227870	1.18938400	1.18938400	1.19137560	1.19170720	1.18960690	1.18806420	1.19098650	1.19171970	1.19135270	1.19593570	1.19288040	1.19370630	1.18498650	1.18860940	1.18716750	1.18251840	1.18103820	1.17888080	1.17275680	1.16586320	1.15530350	1.12360210	1.09794810	1.05418460	0.98837697	0.90652719	0.81814654	0.70866287	0.59792783	0.48554514	0.37193128	0.25358042	0.14504461	0.03085628	-0.07890970	-0.17754639	-0.28434164	-0.37342943	-0.47522325	-0.55537465	-0.63135036	-0.69796587	-0.75797849	-0.79107187	-0.81300775	-0.82609261	-0.83506867	-0.83829379	-0.83203055	-0.82939597	-0.82386748	-0.82323658	-0.82090479	-0.81959688	-0.82809198	-0.83645591	-0.84388404	-0.85981911	-0.88115673	-0.90653948	-0.93195406	-0.96393569	-1.01568480	-1.08186530	-1.15163950	-1.22556460	-1.29570070	-1.32742100	-1.32707070	-1.30043910	-1.27113850	-1.26728320	-1.26500630	-1.27072230	-1.26213360
1	-0.81632331	-0.81410425	-0.81589168	-0.81422001	-0.81664913	-0.81697830	-0.81139321	-0.81133880	-0.81209636	-0.81369887	-0.81158652	-0.80836764	-0.79718506	-0.76308724	-0.72875935	-0.67479666	-0.62751574	-0.59122422	-0.56505603	-0.56959326	-0.58967132	-0.61996657	-0.64917150	-0.65672179	-0.63746164	-0.62916708	-0.60846923	-0.59058788	-0.57311058	-0.56063209	-0.54588493	-0.52481198	-0.51676201	-0.49795259	-0.46908767	-0.42130707	-0.36012192	-0.25385872	-0.12857983	0.01186544	0.17612063	0.36596935	0.53559118	0.69775177	0.83352193	0.95984822	1.06559670	1.15116080	1.22793770	1.29395120	1.34548570	1.39892750	1.39597460	1.40318420	1.41787200	1.42689970	1.42738390	1.42733190	1.44406420	1.45039810	1.43756450	1.43807190	1.43479620	1.40994810	1.41791130	1.41175480	1.40770300	1.41645350	1.41436020	1.41148960	1.40339860	1.40857550	1.41397290	1.41051540	1.41450050	1.41568310	1.41568310	1.41873010	1.39910700	1.40725110	1.40315310	1.39812670	1.40722450	1.39926760	1.39288750	1.40590160	1.38690550	1.34675230	1.27574110	1.22664600	1.11597070	0.99977438	0.85854875	0.70464193	0.55480228	0.39686227	0.22281885	0.07505256	-0.08004011	-0.21450430	-0.33949792	-0.45934446	-0.54877228	-0.61674401	-0.65631161	-0.67350936	-0.67816246	-0.69404497	-0.68649434	-0.69951106	-0.69681154	-0.69533350	-0.69460722	-0.69099571	-0.69272191	-0.69953173	-0.70929237	-0.72548316	-0.73590963	-0.74580703	-0.76771520	-0.80448372	-0.85522799	-0.95440963	-1.05955650	-1.12134190	-1.13920190	-1.14251730	-1.13459860	-1.12572320	-1.11613790	-1.10417640	-1.08890550	-1.07860570	-1.06481610	-1.05561210	-1.04400930	-1.03781320	-1.03204580	-1.02775690	-1.02720460	-1.02806620	-1.02160590	-1.02119450	-1.02479480	-1.02171600	-1.02288920	-1.02138000	-1.02227240	-1.02298340
1	-1.13684620	-1.14074610	-1.13947090	-1.13001290	-1.12160710	-1.11899040	-1.11224870	-1.11317410	-1.11573140	-1.11475210	-1.11482390	-1.11474880	-1.11598090	-1.11813850	-1.11517640	-1.10380880	-1.08311040	-1.04258500	-0.98247127	-0.91973701	-0.84520871	-0.79145359	-0.76140541	-0.72941430	-0.72387088	-0.70587807	-0.69313605	-0.68501127	-0.68457194	-0.67862749	-0.66767208	-0.65583416	-0.65528895	-0.65668698	-0.65658647	-0.65474941	-0.64139460	-0.59044082	-0.46683592	-0.32609134	-0.14215614	0.05240638	0.22181833	0.39087929	0.53988402	0.67464465	0.79830821	0.90519320	0.99471753	1.08320830	1.15404550	1.19770270	1.20759110	1.22105030	1.22133750	1.21526770	1.21553090	1.21491180	1.23041890	1.22048840	1.22345770	1.22069250	1.22042370	1.21409350	1.21995560	1.21165800	1.21249520	1.20626340	1.20753650	1.19978350	1.20583150	1.20667230	1.20823500	1.20739240	1.20829690	1.20814800	1.20814800	1.20229780	1.19771970	1.19509750	1.19654810	1.19876180	1.19924290	1.20110180	1.19642990	1.20317260	1.20141160	1.20282110	1.20010140	1.20165610	1.19902050	1.20542990	1.19750460	1.19803500	1.18563730	1.17943320	1.16451470	1.15655230	1.13623680	1.09078400	1.03456590	0.98147468	0.89572398	0.78658975	0.67737983	0.54417378	0.40118644	0.26630342	0.12416202	-0.02384935	-0.15549150	-0.29819504	-0.41902352	-0.53527590	-0.62643941	-0.70887537	-0.76928541	-0.80150592	-0.82535695	-0.83489760	-0.83304808	-0.83301738	-0.83423162	-0.83426161	-0.83645279	-0.84648202	-0.84936422	-0.84855790	-0.84831300	-0.85189148	-0.85635248	-0.86119495	-0.87703883	-0.90399263	-0.97059930	-1.05529880	-1.15045010	-1.20190560	-1.21999170	-1.21645640	-1.18608280	-1.15495750	-1.13024280	-1.11883230	-1.12212680	-1.12408580	-1.12023680	-1.11184610	-1.10357810	-1.10399770
1	-1.11501570	-1.18659100	-1.26363200	-1.34170600	-1.38551220	-1.40617440	-1.39643330	-1.33813050	-1.30699030	-1.31257960	-1.31983160	-1.33140420	-1.33973260	-1.33232300	-1.32613100	-1.31057060	-1.29533140	-1.29514120	-1.30327440	-1.29515450	-1.25803090	-1.20850970	-1.12396360	-1.02709770	-0.94023194	-0.87454592	-0.84678408	-0.82689930	-0.82056374	-0.81771304	-0.81407853	-0.82173310	-0.82090966	-0.81285207	-0.79644079	-0.79643632	-0.79056711	-0.77823978	-0.75893477	-0.73821588	-0.70885408	-0.66098808	-0.54908953	-0.41134745	-0.25337058	-0.07560887	0.09354811	0.25983594	0.39634428	0.51988463	0.62245718	0.72776806	0.81215067	0.88951210	0.94544559	0.99467498	1.02876070	1.06704630	1.08243840	1.08835550	1.09791320	1.09853210	1.09424370	1.09273600	1.10849880	1.10424290	1.10213690	1.09968310	1.09848210	1.09677770	1.09759300	1.09671940	1.09548860	1.09128730	1.08648500	1.08451040	1.08451040	1.08575260	1.08383700	1.07922940	1.08494320	1.08179180	1.08301690	1.08556030	1.08285420	1.08580260	1.08616440	1.08083480	1.08232020	1.07947600	1.08368510	1.08245700	1.08188950	1.08017600	1.07839620	1.07456550	1.07454280	1.07686680	1.07552360	1.07833440	1.07882920	1.07437580	1.07799200	1.07352430	1.07093410	1.07137690	1.06828860	1.06208960	1.05652840	1.03759940	1.01920820	0.99106601	0.93971787	0.86474187	0.78117483	0.67663290	0.56887784	0.44713964	0.31927323	0.19492955	0.06928988	-0.06372817	-0.19081242	-0.31211787	-0.45578297	-0.59112953	-0.71415906	-0.81676958	-0.89001218	-0.94262776	-0.98442109	-1.00101630	-1.00484610	-1.00656550	-1.00286110	-0.99823776	-0.99205574	-0.99077490	-0.99178470	-0.98752370	-0.99117288	-0.99551516	-0.99656322	-0.99844384	-1.00186500	-1.00720500	-1.01285390	-1.02130480	-1.02915160	-1.04470550
1	-1.20115540	-1.20840990	-1.20648160	-1.20305570	-1.18097290	-1.16562050	-1.16426540	-1.16861660	-1.16373600	-1.16406020	-1.16154450	-1.15750180	-1.15810970	-1.15708180	-1.16293450	-1.16208070	-1.16102220	-1.15552810	-1.13142900	-1.08685200	-1.00498100	-0.88579603	-0.78187663	-0.71821573	-0.67515366	-0.66650072	-0.66778595	-0.66301123	-0.65338391	-0.64623067	-0.63745736	-0.61889860	-0.59111249	-0.55169036	-0.52919933	-0.48689617	-0.38384939	-0.22361718	-0.04088975	0.10514473	0.29375922	0.50915656	0.62840819	0.72148961	0.81160787	0.91876207	1.01000220	1.08097420	1.14685280	1.16732710	1.19648730	1.20948940	1.21409850	1.20860370	1.20558790	1.19959170	1.20555140	1.19828370	1.20225320	1.19865990	1.19425530	1.20718950	1.20166900	1.19165350	1.19302390	1.19496170	1.19175320	1.18810260	1.18418720	1.19073900	1.18761870	1.19326420	1.19455050	1.18360080	1.19063580	1.17326210	1.17326210	1.17444300	1.18843980	1.19589250	1.17850340	1.19165630	1.18406450	1.18080810	1.18630050	1.18480040	1.19576440	1.19140020	1.18173390	1.18425510	1.17019950	1.17745060	1.15389770	1.15540890	1.14390410	1.12407120	1.11352760	1.07564640	1.02445500	0.95841122	0.88974798	0.80113053	0.68286164	0.55748055	0.44180564	0.30816480	0.19995099	0.06205398	-0.07877563	-0.20978735	-0.33581624	-0.46641753	-0.53978421	-0.61455690	-0.68148116	-0.73037997	-0.77497421	-0.80363612	-0.80892642	-0.81514629	-0.81993287	-0.82485835	-0.82537402	-0.82068671	-0.82009895	-0.83107653	-0.82477600	-0.82313481	-0.83067895	-0.84060219	-0.84654586	-0.85444984	-0.85595761	-0.87025701	-0.88132678	-0.89298083	-0.90968292	-0.92428978	-0.96366333	-1.01453020	-1.09103100	-1.16539280	-1.27291890	-1.34354230	-1.33768920	-1.33649150	-1.28408880	-1.20696120	-1.12213910	-1.08220550
1	-1.16200750	-1.16135900	-1.16237940	-1.16407390	-1.16145690	-1.15780000	-1.15945460	-1.16142400	-1.15871300	-1.16158940	-1.15857230	-1.15392820	-1.15529530	-1.15628570	-1.15773920	-1.13723100	-1.08731760	-1.00759060	-0.92272930	-0.83390819	-0.77351330	-0.75742767	-0.74978144	-0.74081122	-0.74768326	-0.74806831	-0.74086617	-0.73630478	-0.73648409	-0.73696845	-0.73272416	-0.72450979	-0.71321908	-0.70734397	-0.69867555	-0.69434925	-0.66938505	-0.61583577	-0.50646033	-0.36607780	-0.22283065	-0.04716801	0.14189862	0.29322979	0.42328802	0.55716060	0.68035141	0.78690607	0.89421562	0.97334265	1.03948470	1.09350600	1.14281910	1.17960690	1.20727630	1.21299750	1.21579580	1.22986270	1.22993830	1.23375060	1.23411950	1.24267660	1.25791180	1.25825000	1.24874220	1.25714120	1.25157560	1.25253040	1.25758120	1.24083710	1.24747510	1.24637790	1.24496010	1.24678150	1.25259390	1.23844500	1.23844500	1.24413390	1.23492980	1.24118080	1.23502750	1.23927910	1.23685240	1.22524800	1.22361770	1.22124270	1.22705800	1.22302970	1.23665830	1.23278820	1.22652160	1.22740880	1.22691060	1.21706180	1.20923200	1.20753560	1.18951990	1.17623150	1.14319220	1.10673410	1.05466540	0.98043972	0.89041447	0.77871288	0.65819500	0.50314730	0.34939014	0.18367189	0.04384157	-0.09051915	-0.21244396	-0.33155406	-0.44732221	-0.54271492	-0.62270119	-0.68627078	-0.72709411	-0.76162047	-0.77913506	-0.79041434	-0.79569467	-0.79752084	-0.79900108	-0.79717574	-0.80403907	-0.81249766	-0.81943156	-0.82026648	-0.82311243	-0.82287240	-0.81810925	-0.81730611	-0.82754936	-0.84641583	-0.86897606	-0.90456814	-0.95581633	-1.01685610	-1.07301510	-1.10257090	-1.12758600	-1.13672690	-1.13783570	-1.13253780	-1.12939120	-1.12819850	-1.12822350	-1.12577850	-1.12135260	-1.11618810
1	-1.05401420	-1.05071650	-1.04766610	-1.04744810	-1.04876870	-1.04778110	-1.04789130	-1.04753560	-1.04736910	-1.04465560	-1.04855640	-1.04778410	-1.04578800	-1.04644640	-1.05076790	-1.04789530	-1.03353120	-0.98791698	-0.93006295	-0.87942385	-0.85649164	-0.83984063	-0.83948645	-0.84849113	-0.84032870	-0.80042895	-0.78612947	-0.76991725	-0.75923143	-0.74663413	-0.73597602	-0.73003843	-0.71874651	-0.70784547	-0.68208095	-0.63056988	-0.54237029	-0.42306909	-0.26959558	-0.09315422	0.06518661	0.21465580	0.34158503	0.45232636	0.56686463	0.66735206	0.78461022	0.88933095	0.99297875	1.07174140	1.13691140	1.19617130	1.20409600	1.21957020	1.21369040	1.22508400	1.22942930	1.23805830	1.23682850	1.23678510	1.23167200	1.23590860	1.24047120	1.23685630	1.23702040	1.23617130	1.23582990	1.23685700	1.23821930	1.23879400	1.23630680	1.23881640	1.24019150	1.23930210	1.23907750	1.24435790	1.24435790	1.24681620	1.24865040	1.24722320	1.24845050	1.25180710	1.25319780	1.25287000	1.25434760	1.25652080	1.26363450	1.26328720	1.26335170	1.26486950	1.26791430	1.27000560	1.27503220	1.26999360	1.26359360	1.26091860	1.25009400	1.20373020	1.14665240	1.04296600	0.92212576	0.78609824	0.63597526	0.49741177	0.36907405	0.18433436	0.05784614	-0.10040046	-0.22178700	-0.35661331	-0.47192774	-0.56046427	-0.65423827	-0.73547652	-0.76984375	-0.79439797	-0.80556912	-0.80846446	-0.81277993	-0.81615553	-0.81608245	-0.81512978	-0.80657520	-0.81406035	-0.80431430	-0.80595926	-0.80519759	-0.81694892	-0.81043252	-0.82020343	-0.83454383	-0.85716025	-0.89056211	-0.97205133	-1.04336330	-1.12404460	-1.17164280	-1.16946000	-1.14285340	-1.10743770	-1.08261840	-1.07151540	-1.06356390	-1.06697750	-1.07132470	-1.06811190	-1.06896590	-1.06915390	-1.06664220	-1.06479820
1	-0.85192399	-0.84968700	-0.85031118	-0.84836281	-0.84519767	-0.83920329	-0.83481789	-0.83441227	-0.83466373	-0.83326371	-0.83237619	-0.83233980	-0.83346298	-0.83270141	-0.83258636	-0.83337157	-0.83341645	-0.83293369	-0.83422073	-0.83363697	-0.83524771	-0.83442796	-0.83508057	-0.83270381	-0.83338203	-0.83476483	-0.83298719	-0.83361061	-0.83298915	-0.83278421	-0.83196359	-0.83194136	-0.83132797	-0.81771027	-0.77102188	-0.71366335	-0.67849991	-0.66510131	-0.65935011	-0.66288448	-0.66440294	-0.66568845	-0.65705048	-0.64969736	-0.63795820	-0.61792536	-0.60389365	-0.57921610	-0.55900447	-0.52929512	-0.50162371	-0.45715563	-0.34519972	-0.19623942	0.04450296	0.17561978	0.34768088	0.52348925	0.72993936	0.93431428	1.12175240	1.29889360	1.40246050	1.46452540	1.47011620	1.49054760	1.49624800	1.50673360	1.52189970	1.52555930	1.53185750	1.53263740	1.53445670	1.53479470	1.53794160	1.53568240	1.53568240	1.53785310	1.53737660	1.53951550	1.53644120	1.53631860	1.53592530	1.53548260	1.53192150	1.52716410	1.51373120	1.50523650	1.49670130	1.49541200	1.49379300	1.48652760	1.49110760	1.49813800	1.50113630	1.50710330	1.49738960	1.49112830	1.47792680	1.43129780	1.33175250	1.20474580	1.03795630	0.84932846	0.64480983	0.49316814	0.30262838	0.15304685	0.01573386	-0.13416004	-0.26551023	-0.36751019	-0.43560476	-0.50137432	-0.54113299	-0.57889176	-0.59572133	-0.61347590	-0.62759390	-0.63124976	-0.63539971	-0.63069737	-0.61923985	-0.60630997	-0.60217483	-0.59876466	-0.60109458	-0.60928041	-0.63638713	-0.66562853	-0.71135456	-0.75854686	-0.80634678	-0.84126638	-0.86559768	-0.87881574	-0.88291503	-0.88511388	-0.88412875	-0.88310831	-0.88377215	-0.88195800	-0.87179831	-0.86163415	-0.84588297	-0.83726777	-0.81917523	-0.81285716	-0.80510365	-0.80260518
1	-0.76929285	-0.77280340	-0.76754490	-0.75318777	-0.73846968	-0.72103203	-0.70096343	-0.68522321	-0.67134372	-0.67016090	-0.68353179	-0.70901637	-0.74197682	-0.79958757	-0.87240737	-0.97927712	-1.07729030	-1.14137620	-1.16373320	-1.16361500	-1.14421920	-1.12255230	-1.11824060	-1.11781220	-1.09032670	-1.01504080	-0.91151143	-0.79126338	-0.72307940	-0.67188560	-0.65143038	-0.64507467	-0.64255127	-0.61703041	-0.60228515	-0.58410885	-0.55503473	-0.51242204	-0.40241664	-0.21082360	-0.01257744	0.21168847	0.43363036	0.60653277	0.75879011	0.87468751	0.98289353	1.07036890	1.14432930	1.19865390	1.24820090	1.28111260	1.30092160	1.30903540	1.31361550	1.31764840	1.32140040	1.32412860	1.32161390	1.32692670	1.32793350	1.33061860	1.33747060	1.33637160	1.33481280	1.33412630	1.33323630	1.33413560	1.33448750	1.33554940	1.33223020	1.33269550	1.32524870	1.32645170	1.32420840	1.32692120	1.32692120	1.32238950	1.32115090	1.31491520	1.31058100	1.30902710	1.30314870	1.30273470	1.29726720	1.28801500	1.27827270	1.26264280	1.24688440	1.22881790	1.20548220	1.18079580	1.14779180	1.10630850	1.05107980	0.98437515	0.91463848	0.82225527	0.72943823	0.62337651	0.49859549	0.38034439	0.25587792	0.12775435	-0.00960467	-0.13849526	-0.26492029	-0.39340873	-0.50532797	-0.61183004	-0.68610912	-0.74229157	-0.79359974	-0.81853631	-0.83081330	-0.83553111	-0.83738432	-0.83741609	-0.83701023	-0.84274225	-0.84930285	-0.85961516	-0.86691151	-0.87126265	-0.87732616	-0.87886933	-0.87468108	-0.87232728	-0.87528922	-0.88639753	-0.90983514	-0.94463918	-0.98659942	-1.02033070	-1.05324950	-1.07070660	-1.07903050	-1.08011200	-1.07467890	-1.06633210	-1.04762810	-1.02521200	-1.01479190	-1.00651450	-1.00301160	-1.00090090	-1.00101920	-0.99739268	-0.99621157	-0.99483841
1	-1.23827810	-1.18677830	-1.14794050	-1.12528320	-1.12583700	-1.12916780	-1.13553570	-1.13982170	-1.13281090	-1.12734620	-1.12643370	-1.12492530	-1.12487400	-1.11874530	-1.11189480	-1.11185080	-1.10888000	-1.10046470	-1.08882740	-1.06382320	-1.01779300	-0.92762264	-0.84323202	-0.76130923	-0.71835071	-0.68915955	-0.68494467	-0.69102375	-0.66930657	-0.65241904	-0.63949538	-0.63623042	-0.62865197	-0.62103848	-0.61021050	-0.59534600	-0.55425950	-0.48963603	-0.36332087	-0.22131020	-0.06647614	0.15239142	0.29359764	0.43844732	0.56251099	0.68269797	0.81587471	0.90986223	1.01364780	1.10701710	1.15235200	1.16603130	1.20424160	1.22762260	1.23550360	1.22612710	1.22011000	1.22963070	1.21951160	1.22742480	1.21470980	1.21555440	1.21650260	1.21413110	1.21498440	1.21059210	1.21176110	1.21146170	1.21213290	1.20842840	1.20808170	1.21027130	1.20231740	1.20207340	1.20450180	1.20790720	1.20790720	1.20279690	1.21132580	1.21268290	1.21045070	1.21161220	1.21691290	1.20684240	1.20375250	1.19863010	1.20191850	1.19546590	1.19454360	1.19264290	1.20420780	1.19864970	1.19231700	1.19386730	1.19867740	1.18748540	1.17393830	1.15581710	1.14948840	1.07203210	1.01859790	0.93862822	0.83381164	0.72301117	0.57950045	0.44994795	0.30743782	0.16805764	0.02049986	-0.13596624	-0.27402680	-0.36987666	-0.49900917	-0.55670653	-0.61399132	-0.66830306	-0.70656032	-0.73995025	-0.76507971	-0.78058103	-0.78341418	-0.79528190	-0.80541663	-0.80994841	-0.81544348	-0.81614112	-0.82111340	-0.82462214	-0.82523719	-0.82639603	-0.83029879	-0.83876878	-0.84812736	-0.85836607	-0.87389833	-0.88579690	-0.90676957	-0.91646068	-0.94028495	-0.97769226	-1.03256240	-1.11266490	-1.18229760	-1.25201880	-1.31946960	-1.32932610	-1.33485200	-1.29928410	-1.24691990	-1.21389140
1	-0.71683794	-0.71306248	-0.71009793	-0.71142124	-0.70996651	-0.71113602	-0.70868762	-0.70838706	-0.70840871	-0.70905039	-0.70764018	-0.70918060	-0.70926293	-0.70881661	-0.70937006	-0.70817483	-0.70987239	-0.70988824	-0.70985978	-0.70899896	-0.70843911	-0.70703083	-0.70680599	-0.70535004	-0.70402847	-0.70179810	-0.70069577	-0.70105874	-0.69953693	-0.69811310	-0.69560453	-0.67714558	-0.63756625	-0.59488800	-0.56710475	-0.55867664	-0.55951764	-0.57279234	-0.58321074	-0.58845882	-0.57374423	-0.54173788	-0.50701886	-0.48361362	-0.46372180	-0.43994058	-0.40768398	-0.34312179	-0.27227648	-0.17789796	0.02591102	0.23404587	0.44016887	0.66638658	0.90965790	1.15763800	1.38542380	1.58773230	1.74657680	1.85952630	1.95794960	2.01311410	2.03164690	2.03262970	2.03797900	2.04089230	2.04114780	2.04308660	2.04306560	2.04875370	2.04358280	2.04465110	2.04741750	2.04186010	2.03455480	2.02959700	2.02959700	2.02110110	1.99209220	1.93974480	1.86803370	1.73931070	1.57363000	1.42474340	1.23303700	1.05738030	0.88114169	0.70939222	0.53652477	0.38330713	0.23166770	0.08154115	-0.03660487	-0.16479636	-0.25659272	-0.34733290	-0.41099543	-0.46913068	-0.50867850	-0.52372963	-0.53317652	-0.53926072	-0.53958019	-0.53374410	-0.52764485	-0.52054472	-0.51033906	-0.50320132	-0.49375483	-0.49107276	-0.48368985	-0.47735357	-0.47310679	-0.46621207	-0.45782178	-0.45394863	-0.46546398	-0.47987302	-0.50923998	-0.54629905	-0.59242130	-0.63283747	-0.65722317	-0.65986479	-0.65878086	-0.65561364	-0.65077081	-0.65180484	-0.65306512	-0.65379005	-0.64975692	-0.63892452	-0.62467861	-0.61341769	-0.59415332	-0.57572253	-0.56505876	-0.55639860	-0.55170814	-0.55164268	-0.55281382	-0.55817188	-0.56205325	-0.56740572	-0.56926580	-0.57243354	-0.57173301	-0.57044253	-0.56900559	-0.56639294
1	-0.97173193	-1.01218200	-1.04977190	-1.07714400	-1.09219020	-1.09292000	-1.09099280	-1.08325170	-1.07427480	-1.07038740	-1.06704680	-1.06197890	-1.05759150	-1.05567130	-1.05268020	-1.05279520	-1.05168580	-1.02808110	-0.98063159	-0.92297437	-0.85566281	-0.80549949	-0.77085142	-0.75293629	-0.74630620	-0.74578073	-0.74714859	-0.74288373	-0.73374508	-0.72026617	-0.71948091	-0.72167844	-0.72166878	-0.69433903	-0.64216531	-0.55371009	-0.40378635	-0.24915346	-0.07121845	0.10414236	0.25051689	0.39612790	0.52759959	0.66178788	0.79183030	0.90298004	0.99771388	1.07476680	1.14141500	1.18483740	1.19714960	1.20475950	1.20869790	1.21756510	1.22390800	1.22788610	1.23340690	1.23079910	1.22606450	1.22735000	1.22792340	1.22632550	1.22561580	1.21985360	1.21993070	1.21470030	1.20097730	1.20468270	1.20586290	1.20581720	1.20494420	1.20123350	1.19666430	1.19857160	1.19479040	1.19245510	1.19245510	1.19381460	1.19417120	1.19250030	1.19006570	1.19156200	1.19243550	1.18727460	1.18676210	1.18738520	1.18938180	1.18979170	1.18947130	1.18773110	1.18509930	1.18364510	1.18179050	1.17804540	1.17103470	1.16870270	1.14769410	1.11543130	1.06043530	0.99316456	0.90935506	0.80898002	0.68970894	0.56096298	0.41967815	0.28040940	0.15048071	0.00655584	-0.12882536	-0.25551104	-0.38246975	-0.50006907	-0.60489820	-0.69922438	-0.76277441	-0.81263330	-0.84514401	-0.85732899	-0.86260834	-0.86510893	-0.86567514	-0.86822319	-0.86658620	-0.86287338	-0.85840744	-0.85820341	-0.86271135	-0.86708867	-0.86819253	-0.86879109	-0.87113931	-0.87086030	-0.87501058	-0.88539864	-0.91420525	-0.96190368	-1.04496680	-1.14341520	-1.23933870	-1.27821820	-1.26984400	-1.23924840	-1.20045680	-1.17090510	-1.15813040	-1.15312220	-1.15417610	-1.15456410	-1.15007290	-1.14503960
1	-1.08101950	-1.07885930	-1.07947210	-1.08008530	-1.07868060	-1.07827170	-1.07729790	-1.07894360	-1.07704130	-1.07841180	-1.07956840	-1.07979310	-1.07919810	-1.07869760	-1.06914560	-1.04436170	-1.00761630	-0.95439177	-0.88780186	-0.82168508	-0.77998832	-0.75723197	-0.75367352	-0.74952845	-0.75025064	-0.73624742	-0.72603858	-0.72451178	-0.71695558	-0.70818430	-0.69730643	-0.69117134	-0.69002608	-0.68246017	-0.67760379	-0.65861513	-0.59883531	-0.47760207	-0.33316507	-0.16649781	0.00844283	0.16843516	0.33074000	0.48827152	0.61585143	0.73695080	0.85207383	0.94205998	1.04188420	1.11266710	1.18119530	1.20448300	1.21618800	1.22176980	1.22296250	1.23092630	1.23501810	1.23867650	1.22814960	1.22353300	1.22263620	1.22159030	1.23153420	1.22789320	1.23154730	1.22116890	1.21907020	1.22644950	1.22547710	1.22184820	1.22566650	1.22185010	1.21562970	1.21284400	1.21740400	1.22682210	1.22682210	1.23393250	1.23020220	1.23536060	1.24121840	1.24196030	1.23518490	1.24103400	1.24456150	1.25143360	1.24128960	1.23548880	1.23780980	1.23883260	1.24056600	1.22639070	1.21973190	1.21494280	1.20537650	1.18752370	1.15198290	1.12323520	1.08295480	1.02007480	0.92106732	0.82697207	0.73230217	0.61102644	0.48816925	0.35557412	0.21658246	0.07222617	-0.07437987	-0.21903230	-0.36312907	-0.49996621	-0.61237863	-0.70191887	-0.75298538	-0.79858605	-0.82073806	-0.83247413	-0.84131054	-0.84246167	-0.84715599	-0.84508591	-0.84230239	-0.83857036	-0.83713547	-0.83734898	-0.84198651	-0.84149479	-0.84750497	-0.85020085	-0.85514348	-0.85347832	-0.85722295	-0.86958194	-0.89200266	-0.93565473	-0.99579293	-1.06079570	-1.12452630	-1.17710480	-1.20105990	-1.20261300	-1.20325990	-1.20061590	-1.19616810	-1.19918810	-1.19557660	-1.18697460	-1.17382340	-1.16657390
1	-1.44140330	-1.50475560	-1.55378540	-1.56622780	-1.55040030	-1.50540880	-1.45404030	-1.40854040	-1.37577180	-1.36785820	-1.36356980	-1.36181830	-1.35516630	-1.34464870	-1.33716350	-1.32775240	-1.32622000	-1.32234160	-1.32203290	-1.31544270	-1.31225960	-1.30769960	-1.30634290	-1.29259110	-1.26182380	-1.19685890	-1.11402850	-1.03131100	-0.97226493	-0.94588288	-0.92896727	-0.94431533	-0.96189007	-0.98601265	-0.98656162	-0.96370993	-0.95026791	-0.93539196	-0.89515146	-0.83952700	-0.75629570	-0.61047470	-0.48235674	-0.34581323	-0.20052384	-0.02485837	0.12065034	0.25020513	0.36301103	0.47931886	0.58068620	0.67991247	0.75689386	0.83179783	0.88071443	0.91141279	0.92216079	0.93343136	0.93351754	0.93688515	0.94155782	0.94117003	0.94046209	0.94807557	0.94881805	0.95011136	0.95426144	0.95775395	0.95766729	0.95938390	0.96166084	0.96334338	0.96273666	0.96293240	0.96123685	0.96118319	0.96118319	0.95415770	0.96022711	0.95581986	0.95625365	0.96038044	0.95381969	0.95607800	0.95755947	0.95641203	0.95773085	0.95762197	0.95571729	0.95543771	0.95620241	0.95217791	0.95617786	0.95366666	0.95395303	0.95269127	0.95177236	0.94903621	0.94935694	0.94803937	0.95214510	0.95124201	0.95053359	0.95182971	0.95005954	0.95102648	0.94655062	0.94460664	0.94442003	0.94160837	0.93024299	0.93120615	0.93039952	0.92761931	0.92677086	0.92739689	0.91892573	0.91563148	0.90986456	0.89929114	0.87487423	0.83918461	0.76976866	0.69373015	0.58365371	0.46349130	0.31200721	0.17682921	0.02904667	-0.12290128	-0.26391822	-0.39957863	-0.53683113	-0.67761885	-0.80215794	-0.91433344	-0.98825795	-1.05272540	-1.09533220	-1.12026110	-1.13436510	-1.14193370	-1.15092270	-1.15529210	-1.15798930	-1.16261170	-1.16503650	-1.17004580	-1.17433350	-1.17440640
2	-0.64788540	-0.64199155	-0.63818632	-0.63825875	-0.63834515	-0.63869741	-0.64304876	-0.64376789	-0.64504991	-0.64711823	-0.64915334	-0.65124584	-0.65729046	-0.66220082	-0.66123227	-0.66098661	-0.66156196	-0.66225552	-0.66191228	-0.66274039	-0.66093438	-0.66344985	-0.66219448	-0.66233590	-0.66171176	-0.66139185	-0.66140829	-0.66144719	-0.66037322	-0.65910828	-0.65974177	-0.65817648	-0.65839527	-0.65734763	-0.65851971	-0.65848640	-0.65736600	-0.65435815	-0.65251819	-0.65131590	-0.64814481	-0.64733294	-0.64709792	-0.64486153	-0.64360412	-0.64349171	-0.64265061	-0.64209740	-0.64447929	-0.64889210	-0.65765851	-0.66120325	-0.64966432	-0.61016844	-0.53743483	-0.46503123	-0.35853483	-0.28313648	-0.17744604	0.15824648	0.35028455	0.48241039	0.60380734	0.79710411	0.98755132	1.20378530	1.40654150	1.59624590	1.71283070	1.77881520	1.79384920	1.79714080	1.81019280	1.82062770	1.81722350	1.83163330	1.83163330	1.82896500	1.84537610	1.84525770	1.84581130	1.84249320	1.83535690	1.83637340	1.84069750	1.83251280	1.83176040	1.82923550	1.82239000	1.81373680	1.80657490	1.78174650	1.76817080	1.71499600	1.63616950	1.54210090	1.41682850	1.29536200	1.17171340	1.02947660	0.83269526	0.74873661	0.48444394	0.46799664	0.13619262	-0.02096398	-0.24144559	-0.42927857	-0.54787937	-0.65770118	-0.74082076	-0.77535158	-0.78246083	-0.76929170	-0.74327798	-0.71938126	-0.69687714	-0.68631450	-0.67373867	-0.66839030	-0.66464289	-0.66411665	-0.66429579	-0.66119756	-0.65934631	-0.65258234	-0.64332472	-0.63886892	-0.63655838	-0.63317355	-0.63303697	-0.63300935	-0.63303406	-0.63521866	-0.63446965	-0.63579121	-0.63628253	-0.63539522	-0.63607448	-0.63755154	-0.63926427	-0.63971561	-0.63973452	-0.64018371	-0.63923450	-0.63939473	-0.64023111	-0.64042873	-0.63866571	-0.63865722
2	-0.64442658	-0.64540093	-0.64705511	-0.64749197	-0.64690971	-0.64388389	-0.63973113	-0.63809387	-0.63529717	-0.63538416	-0.63411445	-0.63371918	-0.63205431	-0.63227824	-0.62955996	-0.62870392	-0.62746722	-0.62409218	-0.62038177	-0.61557086	-0.61236419	-0.60894925	-0.60814263	-0.60875378	-0.60932197	-0.60964104	-0.61068460	-0.61113193	-0.61108019	-0.61170986	-0.61088250	-0.60945267	-0.60894078	-0.60688561	-0.60496062	-0.60257664	-0.60001033	-0.59800522	-0.59753630	-0.59777060	-0.59698632	-0.59714972	-0.59554072	-0.59359381	-0.59578465	-0.59910805	-0.59120540	-0.56583637	-0.50726478	-0.47291228	-0.39633301	-0.33414741	-0.20000148	-0.08449374	0.10083747	0.31489380	0.52511887	0.69455355	0.80780727	0.92774028	1.08586230	1.24649840	1.41871210	1.58843930	1.71823120	1.82488290	1.84716320	1.85180060	1.87241700	1.88723520	1.89855080	1.90938300	1.91246990	1.90967190	1.91746920	1.91903000	1.91903000	1.92517670	1.91721650	1.92004660	1.92118480	1.92288910	1.91493820	1.91969460	1.90022140	1.87587260	1.82506450	1.76560310	1.66320900	1.53123460	1.38375030	1.24750130	1.11441190	0.97498614	0.86271132	0.72753537	0.62536652	0.46326155	0.22507585	-0.01277797	-0.23727427	-0.37892463	-0.49682449	-0.61293216	-0.71132509	-0.76952280	-0.80118791	-0.81304850	-0.81420329	-0.80858513	-0.79895231	-0.78045751	-0.76325687	-0.75207822	-0.73252229	-0.72217905	-0.71057900	-0.70049705	-0.69251058	-0.68554069	-0.67506675	-0.66983666	-0.66321314	-0.65960718	-0.65295234	-0.64982112	-0.64719534	-0.64550168	-0.64534590	-0.64490756	-0.64518239	-0.64599070	-0.64498534	-0.64382431	-0.64295769	-0.64283282	-0.64348112	-0.64357149	-0.64186799	-0.64156638	-0.64114043	-0.64142574	-0.63926739	-0.63779692	-0.63767998	-0.63525992	-0.63549020	-0.63493450	-0.63449680	-0.63159565
2	-0.59953861	-0.59742191	-0.59926903	-0.59825858	-0.59758226	-0.59130266	-0.58902043	-0.58753296	-0.58546188	-0.58384750	-0.58160200	-0.57848712	-0.57798491	-0.57653565	-0.57861646	-0.57740692	-0.57759532	-0.57662751	-0.57470990	-0.57755002	-0.57559198	-0.57541713	-0.57510374	-0.57554022	-0.57275260	-0.57282405	-0.57424992	-0.57436952	-0.57325227	-0.57392690	-0.57200908	-0.56776912	-0.56805087	-0.56896745	-0.56778193	-0.56888320	-0.56799795	-0.57038327	-0.56543556	-0.56456979	-0.56115814	-0.55726471	-0.55355639	-0.53826377	-0.50796758	-0.44207409	-0.33441240	-0.12485794	0.09293743	0.29660739	0.50303511	0.65706449	0.77617384	0.85601334	0.95507711	1.10151250	1.29606700	1.50353680	1.72188270	1.90311750	2.02352780	2.04107410	2.04087390	2.05211900	2.05336730	2.03633150	2.03578850	2.04201380	2.03220100	2.03665340	2.03713050	2.03698170	2.03122070	2.03410110	2.02414040	2.02454370	2.02454370	2.02739890	2.01334610	1.95009800	1.83997670	1.69379980	1.52968640	1.36334880	1.21522970	1.05782100	0.86839674	0.64725163	0.37502981	0.09852790	-0.12557755	-0.38016135	-0.54202617	-0.66748878	-0.72480722	-0.73346451	-0.72463131	-0.69972333	-0.68063772	-0.66642742	-0.65767931	-0.64923317	-0.64354913	-0.63531838	-0.62360368	-0.60941095	-0.58823044	-0.56664542	-0.54123608	-0.52390032	-0.51890096	-0.52143086	-0.52985308	-0.54129588	-0.55590297	-0.57119453	-0.58241062	-0.58825246	-0.59222707	-0.59379499	-0.59435731	-0.59319096	-0.59278146	-0.59270145	-0.59513524	-0.59178794	-0.59739651	-0.59972023	-0.60136467	-0.60141939	-0.60605497	-0.60599930	-0.61149938	-0.61665041	-0.62145386	-0.62593618	-0.63273133	-0.63335981	-0.63909030	-0.64068182	-0.64403632	-0.64388497	-0.64574204	-0.64645762	-0.64646386	-0.64558465	-0.64241199	-0.64333682	-0.63680257	-0.63171621
2	-0.54773643	-0.55366008	-0.55719386	-0.55959852	-0.56431183	-0.56821972	-0.57196791	-0.57582612	-0.57735442	-0.58081812	-0.58687811	-0.59101033	-0.59397740	-0.59970123	-0.60216119	-0.60572099	-0.60891764	-0.61243530	-0.61358757	-0.61938366	-0.62081452	-0.62190731	-0.62172483	-0.62002216	-0.62017508	-0.62027414	-0.61877692	-0.61554337	-0.61602341	-0.61217578	-0.61496685	-0.61442161	-0.61395787	-0.61481870	-0.61564758	-0.61729582	-0.61610807	-0.61668288	-0.61485054	-0.61759852	-0.61827658	-0.61658992	-0.61732461	-0.61761072	-0.60154958	-0.53399166	-0.41861994	-0.21163168	0.04148306	0.29123259	0.56377798	0.76226069	0.91765703	1.05356030	1.16198830	1.27223340	1.38709220	1.51012140	1.62594290	1.71948870	1.81018900	1.88672120	1.89291610	1.89547860	1.89889500	1.89981200	1.90982000	1.91487490	1.91712410	1.91652800	1.91818760	1.91795960	1.92684690	1.92656190	1.91902070	1.91081550	1.91081550	1.90072450	1.89085110	1.85768070	1.79917790	1.72867440	1.62270460	1.48490830	1.32846260	1.17599790	1.02793300	0.88848008	0.77760412	0.69503846	0.61459288	0.52187411	0.44070518	0.32245001	0.21563266	0.08805601	-0.06257181	-0.19821030	-0.35268728	-0.46195839	-0.56701653	-0.65346671	-0.72769203	-0.78754067	-0.81694721	-0.82648644	-0.81580046	-0.80249130	-0.79366331	-0.78399394	-0.76841397	-0.75374622	-0.73558646	-0.71730275	-0.71135660	-0.70475488	-0.69913498	-0.69454494	-0.69617677	-0.69751363	-0.69542073	-0.69483611	-0.69240789	-0.69154469	-0.69022442	-0.68777428	-0.68893514	-0.69030651	-0.69122396	-0.68948802	-0.69331829	-0.69250772	-0.69361385	-0.69989093	-0.69908960	-0.70145813	-0.70064573	-0.69944455	-0.70205219	-0.70532387	-0.70693921	-0.70475879	-0.70389987	-0.70416339	-0.70540977	-0.70574098	-0.70386069	-0.70654050	-0.71038108	-0.71085435
2	-1.26118340	-1.29488400	-1.31010540	-1.31960390	-1.32026250	-1.31700100	-1.30962560	-1.29672860	-1.28476470	-1.28013660	-1.27672950	-1.27577040	-1.27271150	-1.27377780	-1.27187960	-1.27454710	-1.27348310	-1.27286100	-1.27231340	-1.27332470	-1.27064870	-1.27090820	-1.26025420	-1.22785780	-1.13676770	-0.99278538	-0.78476743	-0.52403979	-0.26690685	-0.00201944	0.23848081	0.43791091	0.58970504	0.68977882	0.75270667	0.79338219	0.82379574	0.83847497	0.85308813	0.85567598	0.87091282	0.86794721	0.88028030	0.88263574	0.88846249	0.88712752	0.88619886	0.88275579	0.88501011	0.88690063	0.88705539	0.88618913	0.89101217	0.89186490	0.89758610	0.89127118	0.89120380	0.89285337	0.89595751	0.89313909	0.89497154	0.88776007	0.89352161	0.89334079	0.88613971	0.89425701	0.88877287	0.88959360	0.88980860	0.88819277	0.89459324	0.89413697	0.89538336	0.89569818	0.89534410	0.89520622	0.89520622	0.89334663	0.89526829	0.89401314	0.89272240	0.88942446	0.88776754	0.88969082	0.88890795	0.88296289	0.88667006	0.88361934	0.87850236	0.87031920	0.87208903	0.86919858	0.87106022	0.86928347	0.86863200	0.87105027	0.86047089	0.85920644	0.85879916	0.85661210	0.85851224	0.85331437	0.84466466	0.83773243	0.82998478	0.80837656	0.79391773	0.78131190	0.74337661	0.71615470	0.68768455	0.64821152	0.59838612	0.54561619	0.45653524	0.34801572	0.20808056	0.04672136	-0.14427716	-0.34820067	-0.54508131	-0.75123319	-0.92854559	-1.07697590	-1.20588060	-1.30223390	-1.33407170	-1.35502680	-1.36384320	-1.36228520	-1.35171190	-1.32305600	-1.29084580	-1.25858610	-1.23838850	-1.22389780	-1.22099800	-1.22656810	-1.24124290	-1.24964080	-1.26011410	-1.26922500	-1.27445850	-1.27898230	-1.28008970	-1.28134950	-1.28127740	-1.28061630	-1.28021200	-1.27993960
2	-2.01258060	-2.01206890	-2.01162520	-2.01353360	-2.01343820	-2.01321870	-2.01424540	-2.01227790	-2.01405800	-2.01300260	-2.01364980	-2.01372840	-2.01371190	-2.01568930	-2.01551560	-2.01641360	-2.01782790	-2.01761130	-2.01867580	-2.01980560	-2.01970990	-2.02184440	-2.01355850	-1.99395710	-1.94311080	-1.83392330	-1.67446950	-1.46997100	-1.21150230	-0.94291770	-0.65060710	-0.36605416	-0.10395884	0.10855285	0.28601140	0.41885597	0.50447333	0.55347095	0.57498339	0.57928370	0.57973858	0.57174901	0.55549803	0.55105342	0.55214371	0.55371683	0.55259832	0.54816969	0.55301394	0.56799891	0.55954793	0.56730320	0.57365162	0.56915256	0.57403874	0.57445422	0.57888685	0.58082580	0.57911676	0.58942375	0.57868357	0.58210592	0.58539648	0.58575232	0.58725556	0.59396354	0.59112334	0.59295833	0.59202739	0.58702725	0.59309784	0.58705374	0.59248627	0.59235234	0.58604959	0.58449404	0.58449404	0.59024033	0.58656158	0.58163626	0.57859558	0.57498153	0.57121931	0.57930579	0.57421167	0.57409878	0.57850119	0.57723558	0.57713015	0.58133673	0.56703855	0.57540167	0.56157940	0.56500695	0.56257703	0.56160257	0.56462195	0.56197159	0.56955899	0.56050363	0.56187893	0.56268686	0.56522940	0.56029808	0.55707329	0.56035213	0.55692312	0.55391945	0.55517667	0.55768965	0.55855962	0.55886886	0.55863137	0.56289027	0.56199049	0.56508828	0.56661548	0.56753098	0.56862392	0.56708847	0.57300330	0.57224237	0.57956725	0.57845873	0.57999351	0.57952638	0.57708928	0.58183156	0.58175195	0.58304245	0.57750276	0.58296351	0.58193845	0.56994904	0.57524751	0.57698211	0.56367810	0.54305613	0.52759045	0.47829650	0.42697001	0.36008905	0.27434015	0.16340194	0.01959235	-0.15011346	-0.33385918	-0.55147725	-0.78246695	-1.00799240
2	-1.06557280	-1.06650050	-1.06721910	-1.06819680	-1.06761710	-1.07125250	-1.06748770	-1.06781600	-1.06787520	-1.06981790	-1.07036090	-1.06957090	-1.06898280	-1.06676280	-1.06877680	-1.06699460	-1.07117890	-1.03248080	-0.98026672	-0.86683444	-0.68932084	-0.46244040	-0.22464420	0.03106850	0.28466367	0.50799000	0.69933431	0.84286451	0.96499293	1.01618870	1.07054130	1.08991210	1.08668640	1.09715850	1.09088560	1.08296670	1.07992520	1.07823580	1.08543870	1.08765120	1.08858420	1.08889570	1.08749800	1.08789540	1.08751620	1.08583510	1.07779860	1.07734260	1.07560030	1.07733460	1.07100820	1.06712830	1.06483720	1.07003900	1.06759480	1.07071660	1.06702530	1.06763160	1.06756500	1.06058810	1.06009490	1.06317970	1.05994110	1.06329290	1.06047430	1.06254250	1.05857280	1.05705500	1.05758340	1.05632480	1.05287520	1.05400980	1.06000060	1.05813820	1.05472330	1.05963390	1.05963390	1.05855780	1.05954800	1.05978630	1.05545380	1.05452710	1.05537480	1.03299060	1.01630030	1.01698620	0.99634143	0.97337451	0.92709591	0.91038480	0.88311758	0.82953346	0.77233664	0.69237118	0.60115525	0.49814355	0.36930167	0.21616962	0.05392907	-0.12406695	-0.29394651	-0.44555883	-0.60165430	-0.74479908	-0.85371745	-0.95079668	-1.02509800	-1.07675070	-1.10704500	-1.11502160	-1.11509280	-1.11040160	-1.09529140	-1.07707130	-1.06870180	-1.06137450	-1.05404970	-1.05260520	-1.05261780	-1.04751580	-1.04766890	-1.04677520	-1.04544860	-1.04672710	-1.04535290	-1.04574450	-1.04351800	-1.04368900	-1.04454010	-1.04366960	-1.04580340	-1.04580950	-1.04613880	-1.04795770	-1.04837770	-1.04838750	-1.05168420	-1.05019350	-1.04849600	-1.04810630	-1.05160280	-1.04651140	-1.04887090	-1.04629540	-1.04657990	-1.03803190	-1.03761200	-1.03342630	-1.03146240	-1.03016500
2	-0.60329103	-0.60737568	-0.60682862	-0.60756518	-0.60495286	-0.59612649	-0.59005859	-0.58622034	-0.58376310	-0.58308000	-0.58164610	-0.58026887	-0.57904937	-0.57757613	-0.57233393	-0.57126447	-0.56686276	-0.56655051	-0.56237822	-0.56232362	-0.56108990	-0.56224745	-0.56121035	-0.56103289	-0.56126162	-0.56469620	-0.56771174	-0.57546441	-0.58215072	-0.58791119	-0.59476567	-0.60211891	-0.60923527	-0.61349623	-0.61130696	-0.61515749	-0.61299414	-0.61362528	-0.61022844	-0.60687221	-0.59830544	-0.58668217	-0.57708574	-0.56536405	-0.55586456	-0.54901088	-0.53920029	-0.53328828	-0.52880031	-0.51144892	-0.49627774	-0.47031139	-0.43496577	-0.36742772	-0.29702187	-0.23968512	0.06957995	0.25768000	0.43618179	0.57948008	0.73129949	0.90601154	1.11711750	1.36019420	1.61228030	1.79548380	1.89474050	1.92548970	1.95079490	1.95764410	1.97520800	1.99440380	1.99896140	2.00945510	2.01686690	2.01691390	2.01691390	2.01996120	2.02276830	2.02674280	2.02982660	2.02677120	2.02322600	2.01868540	2.01144560	1.98966830	1.92771580	1.83758000	1.69435830	1.52120960	1.36110260	1.21834680	1.07517900	0.95556752	0.83104282	0.68869182	0.52235852	0.49684735	0.30738683	0.03313826	-0.18203968	-0.33481372	-0.47058911	-0.61725200	-0.73226700	-0.80943854	-0.85853773	-0.87031609	-0.86164539	-0.83881457	-0.80939495	-0.79221792	-0.77831912	-0.75982256	-0.74043045	-0.71732169	-0.69354175	-0.67624829	-0.66151083	-0.64793368	-0.64190203	-0.63702002	-0.63379307	-0.63214317	-0.62506673	-0.62083881	-0.61381742	-0.60429854	-0.59542468	-0.58973373	-0.58362407	-0.57582931	-0.57109172	-0.56927916	-0.56997144	-0.57433335	-0.58042201	-0.59036453	-0.59353860	-0.59619050	-0.59676119	-0.59451089	-0.59560272	-0.60355406	-0.61220928	-0.62351881	-0.62530705	-0.62541075	-0.61469680	-0.60477861
2	-0.80801789	-0.80929234	-0.80872319	-0.80590416	-0.80340418	-0.80134696	-0.79887461	-0.79480917	-0.79184848	-0.79046643	-0.78837960	-0.78685662	-0.78903672	-0.78690512	-0.78502300	-0.78296816	-0.78316435	-0.78233577	-0.78087842	-0.78216793	-0.78196240	-0.78169589	-0.78207965	-0.78096598	-0.78098540	-0.78022993	-0.77859935	-0.77832278	-0.77787920	-0.77698706	-0.77481589	-0.77130496	-0.77106556	-0.76883219	-0.76742314	-0.76501778	-0.76491953	-0.76462914	-0.76586506	-0.76712559	-0.76625037	-0.76615617	-0.76514771	-0.76280186	-0.74195206	-0.69934848	-0.62623939	-0.50524344	-0.32707724	-0.11366023	0.19685106	0.42420421	0.52173781	0.62444740	0.72880906	0.81901389	0.92221826	1.05050890	1.19108130	1.34036160	1.44829200	1.51442420	1.54231690	1.54498760	1.55572210	1.56531800	1.57972380	1.58971400	1.60273140	1.61954060	1.61845970	1.62625260	1.62639140	1.62837560	1.63388300	1.62977730	1.62977730	1.63369040	1.62891330	1.63477740	1.63302640	1.63691060	1.63709540	1.63262580	1.63230370	1.63241640	1.63122160	1.63381260	1.62561160	1.61438100	1.58196260	1.53637860	1.45944170	1.34495100	1.20740550	1.07725600	0.95024592	0.83028097	0.71373183	0.60385652	0.48386478	0.35893300	0.19248090	0.03020899	-0.13453339	-0.29254534	-0.43855332	-0.56932183	-0.68121126	-0.74930150	-0.77278349	-0.77130652	-0.75587190	-0.72911391	-0.71498500	-0.71161064	-0.71302021	-0.71853925	-0.72163485	-0.71941591	-0.71331818	-0.70178376	-0.68486376	-0.67822263	-0.67609727	-0.67953727	-0.68411390	-0.68905071	-0.69458668	-0.69633752	-0.69832486	-0.70044295	-0.70509986	-0.70625622	-0.70581222	-0.70581066	-0.70581606	-0.70354343	-0.69983454	-0.69564468	-0.69519311	-0.69527702	-0.69066301	-0.69010581	-0.68570335	-0.68077942	-0.67676145	-0.67324760	-0.66843906	-0.66330357
2	-0.62212839	-0.61916421	-0.61330752	-0.61128481	-0.60733578	-0.60734730	-0.60748684	-0.60641142	-0.60628697	-0.60910065	-0.61160684	-0.61440263	-0.61800537	-0.62200808	-0.62270714	-0.62456324	-0.62488974	-0.62650455	-0.62660407	-0.62616263	-0.62875805	-0.62932058	-0.62820513	-0.63079417	-0.63183650	-0.63218111	-0.63371173	-0.63554938	-0.63864394	-0.63845240	-0.64012189	-0.64176387	-0.64441744	-0.64366940	-0.64455295	-0.64367130	-0.64404331	-0.64526219	-0.64355356	-0.64237639	-0.64215388	-0.64102725	-0.64016393	-0.64045319	-0.64157111	-0.64107454	-0.62729563	-0.59253076	-0.55541768	-0.51380243	-0.44774281	-0.41371076	-0.31265637	-0.20406955	0.13645391	0.25186629	0.33405067	0.43001641	0.54887299	0.71859583	0.92958473	1.13366710	1.36983230	1.50815820	1.67839780	1.74300650	1.79814570	1.81077950	1.83690040	1.84220640	1.84718860	1.84848000	1.85328780	1.85138330	1.86192920	1.86236410	1.86236410	1.86226280	1.86713900	1.86810910	1.86476190	1.86501870	1.86487650	1.86113940	1.85298110	1.84310970	1.83636430	1.81993080	1.79148160	1.73399980	1.64137280	1.50325820	1.34258760	1.17930660	1.01887700	0.87693336	0.74743290	0.58685273	0.55626331	0.29660824	0.26468774	0.00636376	-0.29054522	-0.43168816	-0.59069601	-0.74767578	-0.86375770	-0.92561078	-0.94790217	-0.95003882	-0.94422328	-0.93506417	-0.91553111	-0.89293704	-0.86112885	-0.82838198	-0.79675896	-0.76556496	-0.74112227	-0.71564721	-0.69535348	-0.67273905	-0.65368254	-0.63415842	-0.62076001	-0.60941417	-0.60491032	-0.60453261	-0.60377865	-0.60291556	-0.60275298	-0.59817343	-0.58988502	-0.58124473	-0.57272297	-0.57014689	-0.56896144	-0.57003978	-0.57421993	-0.57934547	-0.58621418	-0.59535942	-0.59882318	-0.60395543	-0.60991577	-0.61539039	-0.62400865	-0.62886494	-0.64009841	-0.65074531
2	-1.08254120	-1.08247050	-1.08430130	-1.08326240	-1.08410380	-1.08522240	-1.08323310	-1.08349490	-1.08322630	-1.08480680	-1.08403920	-1.08234190	-1.08415910	-1.08429990	-1.08596460	-1.08689320	-1.08546530	-1.08514540	-1.07367420	-1.01341910	-0.91002035	-0.74087962	-0.51711620	-0.28569612	-0.03137251	0.20099918	0.42392205	0.61675359	0.75599610	0.84283525	0.91309535	0.95975688	0.98757582	1.00651960	1.01513880	1.00572840	1.02028590	1.01498550	1.01408410	1.01475880	1.02052780	1.02102070	1.02532520	1.02722390	1.02710160	1.03048240	1.03188560	1.02857000	1.03213270	1.02503680	1.02378560	1.02151350	1.01968950	0.99315560	0.99731689	1.00268270	1.00143440	0.99896593	0.99633180	0.99775456	0.99917416	1.00021710	1.00007230	0.99531640	1.00318370	0.99900171	0.99461481	0.99441588	0.99591513	0.99140765	0.98932585	0.98862919	0.99080410	0.98981561	0.98809052	0.99328483	0.99328483	0.98952817	0.99433907	0.98738795	0.99462137	0.99011334	0.99821226	0.99718767	0.99188952	0.99481132	0.99737368	1.00408960	1.00475070	0.99923620	0.99617237	1.00010540	0.98256785	0.97022361	0.94206734	0.88239784	0.82981590	0.75150645	0.66918387	0.57086893	0.45073883	0.31986068	0.18437668	0.03733823	-0.11506599	-0.26035113	-0.40511402	-0.54504237	-0.67785284	-0.80047691	-0.91335783	-1.00560190	-1.10059680	-1.15722710	-1.18666160	-1.19687170	-1.19708290	-1.19138820	-1.18064310	-1.16980680	-1.15079200	-1.15034400	-1.14566230	-1.14526500	-1.14050540	-1.14351030	-1.13965690	-1.14165820	-1.14218820	-1.14282690	-1.14170490	-1.14207160	-1.14341260	-1.14406810	-1.14442040	-1.14485600	-1.14669040	-1.14519840	-1.14507970	-1.14472890	-1.14715900	-1.14602590	-1.14590260	-1.14718670	-1.14595510	-1.14852440	-1.14955820	-1.14833940	-1.14979900	-1.14831000
2	-1.75580000	-1.74649560	-1.73261200	-1.72736980	-1.72530540	-1.72482620	-1.72121160	-1.72297090	-1.71835160	-1.72090980	-1.72027940	-1.71884870	-1.72103150	-1.72046450	-1.71944160	-1.71670950	-1.71733160	-1.71515330	-1.71660640	-1.71733380	-1.71731520	-1.71802690	-1.71546030	-1.70240500	-1.65118780	-1.54968380	-1.37658940	-1.16076620	-0.88592632	-0.60558114	-0.32689245	-0.04908365	0.17229947	0.34968495	0.46485370	0.55021074	0.59910338	0.63058740	0.65391683	0.66105347	0.66392815	0.67835824	0.68657887	0.68344423	0.69155994	0.68961410	0.68887684	0.69496368	0.69499389	0.70005693	0.69764046	0.70048095	0.69646197	0.69368519	0.69214169	0.68846921	0.69527493	0.69086379	0.68350805	0.68150962	0.68372539	0.68405373	0.68069906	0.67919527	0.67867405	0.67887312	0.68342128	0.67948544	0.68276704	0.67434172	0.67383784	0.67340574	0.67333981	0.67025833	0.66860078	0.67149139	0.67149139	0.66867081	0.66701537	0.66733459	0.66841413	0.66447688	0.66158991	0.66666852	0.66459773	0.65953188	0.66472935	0.66275259	0.65874087	0.65742889	0.65501968	0.65592579	0.66232459	0.65593329	0.65463032	0.65599816	0.65373907	0.65125105	0.65739247	0.65490703	0.65172215	0.65477505	0.65236889	0.64939631	0.65188234	0.65033393	0.65137670	0.64610124	0.64582664	0.64539630	0.64815025	0.65470550	0.64624809	0.63910020	0.64192418	0.64417214	0.63909727	0.64146058	0.63505944	0.63297167	0.64329858	0.62331024	0.63044946	0.61859358	0.61366989	0.59908641	0.57338278	0.55233001	0.54069439	0.52386728	0.48914850	0.45309736	0.41488233	0.35542763	0.26097862	0.14546607	0.01170364	-0.16099481	-0.36496134	-0.57870183	-0.81571414	-1.05138930	-1.27579280	-1.47004060	-1.63979540	-1.75743170	-1.82607620	-1.87026780	-1.89453660	-1.89863700
2	-0.96939098	-0.97210768	-0.97261642	-0.97364890	-0.97392378	-0.97698674	-0.97689542	-0.97754383	-0.97913513	-0.97851570	-0.97783223	-0.97988895	-0.98162415	-0.98155059	-0.98013209	-0.97981780	-0.97345939	-0.95291971	-0.88943898	-0.77452828	-0.60816757	-0.37501268	-0.10934345	0.16657432	0.42761932	0.67615765	0.87106056	1.02230620	1.12673550	1.19373100	1.24400620	1.24961910	1.24748110	1.24048640	1.22933200	1.22243810	1.21981750	1.22179190	1.21773230	1.22297820	1.22593650	1.22038680	1.22227440	1.22699940	1.22389750	1.22425670	1.21340040	1.21042190	1.20634600	1.20499310	1.20440150	1.20260010	1.20440280	1.20185250	1.20441060	1.20124220	1.20156040	1.19787460	1.19355880	1.19331980	1.19267940	1.18887840	1.19050670	1.19078860	1.18305120	1.18293540	1.18651740	1.18689260	1.18366230	1.18132790	1.18536860	1.18367260	1.17529720	1.15832930	1.14113920	1.12266840	1.12266840	1.07775290	1.05370500	1.00998570	0.98228223	0.94433906	0.91928217	0.87112060	0.81542171	0.75942824	0.68496567	0.57214641	0.44571969	0.29917702	0.13161550	-0.05301586	-0.22823318	-0.40431489	-0.56276441	-0.70979084	-0.82880042	-0.93041716	-0.99406243	-1.02642350	-1.03624670	-1.03522210	-1.02941490	-1.00686080	-0.98835827	-0.96341195	-0.94875219	-0.93180037	-0.92012624	-0.91508333	-0.91558164	-0.91500473	-0.91178502	-0.91062111	-0.91011845	-0.90952985	-0.90955173	-0.90833729	-0.90978582	-0.90944540	-0.90897092	-0.90754864	-0.91012990	-0.91053655	-0.91084076	-0.91167124	-0.91305720	-0.91318038	-0.91402907	-0.91558828	-0.91669673	-0.91927330	-0.91735706	-0.92169026	-0.92092143	-0.92154875	-0.92240249	-0.92187726	-0.92127078	-0.92306225	-0.92283423	-0.92472756	-0.92273397	-0.92424472	-0.92393775	-0.92379315	-0.92409622	-0.92541664	-0.92657184	-0.92997832
2	-1.00684900	-1.00882700	-1.00852270	-1.01134670	-1.01170530	-1.01193290	-1.01443560	-1.01256210	-1.01718630	-1.01840730	-1.01903040	-1.01913460	-1.02015910	-1.02145430	-1.02334310	-1.02428550	-1.01710930	-0.96706277	-0.83839049	-0.64280538	-0.39898452	-0.14138653	0.13649055	0.37084549	0.60014793	0.72926097	0.85468247	0.93078673	0.98717073	1.00635480	1.01021530	1.03284880	1.03590850	1.03814600	1.03385580	1.03522030	1.03290960	1.03956510	1.03883820	1.04069460	1.03010030	1.03079800	1.02777850	1.02438660	1.02367130	1.02262060	1.02143600	1.01886950	1.01669470	1.01869170	1.02287060	1.01652830	1.01803460	1.01936690	1.01693170	1.01409030	1.01065880	1.01398110	1.01638040	1.00836280	1.00707340	1.00797780	0.99587017	0.99388499	1.00035570	1.00076810	0.99550816	0.99648379	0.99494359	0.98982668	0.98523719	0.98344528	0.98157083	0.98750812	0.98394611	0.99543394	0.99543394	0.99562472	0.99286290	1.00058740	0.99944212	1.00008120	0.99906617	0.98994444	0.99197499	0.98411615	0.97927311	0.97664374	0.98088969	0.96388157	0.94094556	0.89979255	0.85714451	0.81053873	0.77521240	0.69355804	0.60515853	0.51321840	0.38188435	0.22656875	0.05462542	-0.13356194	-0.33379996	-0.51530017	-0.70330656	-0.86083918	-0.99533315	-1.09290570	-1.13861130	-1.16549240	-1.18042770	-1.18629060	-1.18795630	-1.18578920	-1.18452710	-1.17788800	-1.16884850	-1.16330810	-1.15979250	-1.16024890	-1.15961640	-1.16098650	-1.16044620	-1.15884210	-1.15406730	-1.14467650	-1.14472090	-1.14253650	-1.13775940	-1.13730030	-1.13189380	-1.12961130	-1.12688990	-1.12413830	-1.12204700	-1.11730720	-1.11763640	-1.11281840	-1.11509860	-1.11316040	-1.11465330	-1.11449800	-1.11753450	-1.11904150	-1.12005560	-1.12055340	-1.12098280	-1.12236410	-1.12187890	-1.12223470
2	-1.48171830	-1.48292410	-1.48315970	-1.48230330	-1.47998520	-1.48074470	-1.48151350	-1.48023020	-1.48116950	-1.48093560	-1.48044070	-1.48091210	-1.48160630	-1.48228970	-1.48305420	-1.48438440	-1.48513730	-1.48514770	-1.48571270	-1.48586410	-1.48788570	-1.48877900	-1.48227740	-1.44977400	-1.34860090	-1.17405600	-0.93422152	-0.65341016	-0.35419344	-0.06491316	0.18050222	0.37940349	0.52611916	0.61203819	0.68638140	0.73795867	0.75454404	0.78357917	0.78999222	0.79547948	0.80383742	0.81338676	0.81929776	0.81754882	0.81456470	0.82122369	0.82581335	0.82531891	0.82707089	0.83603273	0.82669338	0.82257288	0.81875099	0.81977324	0.78302959	0.78292553	0.77944662	0.78113293	0.77921192	0.77906841	0.77790346	0.78591527	0.78101061	0.78297411	0.78928392	0.78455425	0.78105392	0.78649669	0.78320120	0.78305464	0.78704966	0.79176130	0.78758484	0.79426490	0.79457369	0.78787889	0.78787889	0.78723672	0.79281761	0.79333735	0.79272420	0.79543371	0.79177979	0.79009535	0.80238510	0.79763589	0.79728051	0.79853839	0.79999329	0.79766469	0.80166848	0.80218295	0.79989976	0.80110989	0.80636432	0.80484130	0.79936598	0.80080367	0.79686507	0.79236086	0.80359008	0.79057400	0.78577187	0.78987458	0.78658272	0.77502891	0.79206658	0.78987540	0.80286023	0.81606806	0.81357721	0.79649611	0.79756144	0.78273321	0.75740525	0.73080969	0.67599476	0.62584921	0.56251480	0.47837385	0.38968783	0.26838207	0.14514955	-0.00107108	-0.15762756	-0.30904245	-0.47286017	-0.63246514	-0.77247430	-0.90911726	-1.01876470	-1.11673740	-1.20547150	-1.27973780	-1.33208310	-1.36999560	-1.39012370	-1.38710180	-1.37938000	-1.37330270	-1.36779220	-1.36226110	-1.36353960	-1.36460390	-1.36832350	-1.37065910	-1.37407030	-1.37387890	-1.37378530	-1.37473640
2	-0.98113092	-0.97910197	-0.97764469	-0.97588413	-0.97559785	-0.97751357	-0.97799779	-0.97942248	-0.98081601	-0.98094482	-0.98303720	-0.98473039	-0.98517193	-0.98718113	-0.98788656	-0.99046459	-0.99208690	-0.98876054	-0.96845542	-0.91592175	-0.79438534	-0.60490119	-0.36428778	-0.09644231	0.15619999	0.41454500	0.62856356	0.79551820	0.90479608	0.98755371	1.04821990	1.08022490	1.09160280	1.09079260	1.09433490	1.09776500	1.08832180	1.09569920	1.09853410	1.09643780	1.09719810	1.09836400	1.09674430	1.09598110	1.09931480	1.09663520	1.10323000	1.09995580	1.09983750	1.10052340	1.10362900	1.10364100	1.10263770	1.10133740	1.10678150	1.10462580	1.09925760	1.10581030	1.10518700	1.10384120	1.10122250	1.10768080	1.11163470	1.10814590	1.10320580	1.10648680	1.10517210	1.10591650	1.10522350	1.10956050	1.10842550	1.10521640	1.10019730	1.10821560	1.10638930	1.09993330	1.09993330	1.09233770	1.09713780	1.09786280	1.09145630	1.08955210	1.09373670	1.08710960	1.08975590	1.07607650	1.05943680	1.03473670	0.99892983	0.95156757	0.88167154	0.80570840	0.68871444	0.56417383	0.40238796	0.22428312	0.01673711	-0.20602534	-0.41687993	-0.62530430	-0.80642343	-0.96374135	-1.09511680	-1.16017320	-1.18322930	-1.19320950	-1.19450310	-1.17473150	-1.14289590	-1.10551410	-1.07370030	-1.04146760	-1.02278320	-1.00685190	-0.99906156	-0.99427726	-0.99115916	-0.99205464	-0.99363580	-0.99435209	-0.99579982	-0.99327962	-0.98997784	-0.99019521	-0.98552163	-0.98234153	-0.97958828	-0.97538290	-0.97196305	-0.97091801	-0.96939029	-0.97043960	-0.96953612	-0.97000421	-0.96980034	-0.96971629	-0.96991643	-0.97013841	-0.97025120	-0.97001014	-0.97110630	-0.97182732	-0.97018339	-0.96538867	-0.96583164	-0.96659523	-0.96740742	-0.96925445	-0.97041623	-0.97053485
2	-0.64412133	-0.64100512	-0.63944654	-0.63639728	-0.63560297	-0.63285278	-0.63149192	-0.62874110	-0.62536490	-0.62011931	-0.61967013	-0.61654695	-0.61422931	-0.61175573	-0.61033053	-0.60973883	-0.60724831	-0.60542039	-0.60249067	-0.60309527	-0.60149792	-0.60228609	-0.60130415	-0.60238256	-0.60264858	-0.60451589	-0.60432743	-0.60648997	-0.60564805	-0.60828681	-0.61020631	-0.61396266	-0.61477049	-0.61548537	-0.61648312	-0.61548756	-0.61560357	-0.61676286	-0.61636576	-0.61723231	-0.61647896	-0.61733907	-0.61731360	-0.61615151	-0.61304382	-0.59647249	-0.56170786	-0.49008008	-0.39112043	-0.29469455	-0.19871484	-0.08331173	0.05883901	0.30079382	0.49314619	0.60306252	0.71332586	0.84049972	1.00680090	1.20512790	1.42492080	1.61117970	1.76663400	1.86677360	1.91549690	1.92179880	1.94021170	1.95068930	1.95878970	1.96880940	1.97910840	1.97841460	1.97945810	1.98728610	1.99590120	1.99110800	1.99110800	1.99212990	1.99132280	1.99015350	1.98538540	1.95533420	1.93136820	1.88321480	1.80465730	1.69357410	1.55658610	1.39532030	1.25051930	1.11629940	0.98727535	0.84212586	0.71248654	0.67754237	0.40886384	0.32132920	-0.00600539	-0.20761294	-0.34992045	-0.50357282	-0.63286889	-0.71473952	-0.75541952	-0.76437262	-0.76310511	-0.75294138	-0.73284062	-0.71586544	-0.70077223	-0.68518752	-0.67842597	-0.66929221	-0.66079911	-0.65781720	-0.65439703	-0.65236453	-0.64473611	-0.64024584	-0.63914872	-0.63496022	-0.63265308	-0.63479930	-0.63394273	-0.63328231	-0.63456208	-0.63253343	-0.63365478	-0.63502634	-0.63616203	-0.63727277	-0.63709148	-0.63749534	-0.63841169	-0.63811033	-0.63646765	-0.63619124	-0.63469400	-0.63224496	-0.62686682	-0.62455833	-0.62308333	-0.61907489	-0.61871802	-0.61486633	-0.61451944	-0.60921355	-0.60760976	-0.60466631	-0.60562965	-0.60011346
2	-1.28700880	-1.28243170	-1.30365650	-1.29308160	-1.29350560	-1.29273010	-1.29970070	-1.30280180	-1.29921770	-1.30502460	-1.30768050	-1.30181150	-1.30440150	-1.31378020	-1.31058980	-1.31014590	-1.30414360	-1.29931160	-1.29978970	-1.31175640	-1.29257140	-1.30579820	-1.25442490	-1.16757340	-1.06789510	-0.95091071	-0.73964986	-0.43540185	-0.17293814	0.07439019	0.28253541	0.45961884	0.60656842	0.68404595	0.74510126	0.84921001	0.92140295	0.91053262	1.01032360	0.93478204	0.91873359	0.97475369	1.06146910	0.86460426	0.96591539	0.88993447	0.90218229	0.83374242	0.86655242	0.88853262	0.86223009	0.88481469	0.90874703	0.87326674	0.92338484	0.86163142	0.88954173	0.90502582	0.95809615	0.89123302	0.91702087	0.90942137	0.90940521	0.90275086	0.92186703	0.92306718	0.91116221	0.92954641	0.91456446	0.91740343	0.94296919	0.93684124	0.93075769	0.91386939	0.88801548	0.93644920	0.93644920	0.92549406	0.93455070	0.93450326	0.93899943	0.90905615	0.89866244	0.88380828	0.89422870	0.86581050	0.87383636	0.86253006	0.86439705	0.86558315	0.86268667	0.88142473	0.85587946	0.85726761	0.87661032	0.90943800	0.93474034	0.89734187	0.91723850	0.99853482	0.93392415	0.91023615	0.89156743	0.88067602	0.85615344	0.83894455	0.81032898	0.77628240	0.72050875	0.66612173	0.58046442	0.47419457	0.35275582	0.21399785	0.06711644	-0.09640657	-0.26238190	-0.43043622	-0.59042450	-0.74249035	-0.86756714	-0.97337573	-1.05348580	-1.12847810	-1.18153280	-1.21470780	-1.22122930	-1.22247380	-1.22180230	-1.22022660	-1.21608950	-1.21166400	-1.20639810	-1.20179080	-1.19912860	-1.19917760	-1.19861980	-1.19745900	-1.19647780	-1.19791410	-1.19884440	-1.19788950	-1.19733430	-1.19765000	-1.19796590	-1.19830910	-1.19980340	-1.20203420	-1.20356930	-1.20548700
