0	-0.51841899	-0.48588363	-0.50500747	-0.56018294	-0.63629941	-0.75322902	-0.82722915	-0.85976467	-0.90632072	-0.92379648	-0.93321222	-0.93442926	-0.92078716	-0.93657191	-0.95599685	-0.95934101	-0.96940599	-0.98240550	-0.97659952	-0.96252576	-0.97031893	-0.98199237	-0.98746160	-1.01522020	-1.04806110	-1.05924210	-1.04988540	-1.04673210	-1.06439860	-1.08779350	-1.09933510	-1.08508130	-1.06419120	-1.05452290	-1.04450300	-1.02363670	-0.99421712	-0.96371982	-0.92237217	-0.86616903	-0.81351574	-0.77266759	-0.72343976	-0.66424331	-0.63424598	-0.62804510	-0.60469363	-0.56829781	-0.53778323	-0.50569966	-0.46122590	-0.38892741	-0.29296669	-0.20056328	-0.09099993	0.00841905	0.08265814	0.22029375	0.34217234	0.42883427	0.55487916	0.54987503	0.51045674	0.60485004	0.66287240	0.64908008	0.70823327	0.79018805	0.86140673	0.90662450	0.99179382	1.07397580	1.04791470	1.06128760	1.03578060	0.96001308	0.89669581	0.78296885	0.73898713	0.73807388	0.78617673	0.79967050	0.75924260	0.70871026	0.63221283	0.63678196	0.63336569	0.63591783	0.66037969	0.68449957	0.67970700	0.63532880	0.60739885	0.60318089	0.51534708	0.44636312	0.44976719	0.42765431	0.36126765	0.31869552	0.29465455	0.23049152	0.21593633	0.20237126	0.21164516	0.23750170	0.20308579	0.18274348	0.20487522	0.23673899	0.31383021	0.38322175	0.40506666	0.43961046	0.48577001	0.53359792	0.56159823	0.60313034	0.64741013	0.64071562	0.67863259	0.72382960	0.71367778	0.73546405	0.69066321	0.63241900	0.56722941	0.51244061	0.47484660	0.43247746	0.40443785	0.33903466	0.26204866	0.22305982	0.24140717	0.24035557	0.20729773	0.21281292	0.24948685	0.25620973	0.26658356	0.33899868	0.44332037	0.54020464	0.63521042	0.70826639	0.76582523	0.87434538	0.88325623	0.84631813	0.98076820	1.04689800	1.04023900	1.03737780	1.03246590	1.03287700	1.04320580	1.02516880	0.95724210	0.98233720	0.93526851	0.84303862	0.76011212	0.72102534	0.67473410	0.61629687	0.60648544	0.59670174	0.48259033	0.32463397	0.20111206	0.10096920	-0.03416513	-0.15944208	-0.24965229	-0.31928105	-0.34077004	-0.35730736	-0.35495236	-0.34208185	-0.34209500	-0.28669973	-0.22090321	-0.18784982	-0.14036721	-0.08561849	-0.09316192	-0.11884304	-0.14803440	-0.13473365	-0.03841305	0.03704008	0.13759084	0.26453012	0.39180314	0.50227737	0.55452482	0.62484657	0.71932402	0.90269860	1.03011550	1.11438730	1.25806380	1.39826300	1.49467010	1.58665690	1.63919710	1.70102140	1.77206880	1.80229910	1.66372420	1.54818690	1.50575790	1.40800800	1.41245690	1.46751400	1.51885240	1.53348500	1.46902500	1.66303460	1.67952130	1.52459380	1.35007520	1.17535790	1.00887550	0.90809890	0.90521381	0.94613043	0.96435243	1.02456970	1.22841630	1.31533840	1.37342450	1.35457810	1.06943670	0.75064171	0.48675030	0.23820768	-0.01533208	-0.24774734	-0.45842687	-0.60725068	-0.77932422	-0.90835007	-1.01875570	-1.08412500	-1.10382690	-1.10022700	-1.09621330	-1.09278270	-1.08271590	-1.09384130	-1.14803600	-1.23754910	-1.34711440	-1.48156140	-1.59358330	-1.68703650	-1.75162470	-1.79430410	-1.82417790	-1.84328560	-1.85665630	-1.86650250	-1.87527120	-1.88185050	-1.88718500	-1.89206670	-1.89689850	-1.90059970	-1.90434970	-1.90774440	-1.90991150	-1.91271920	-1.91632790	-1.91819290	-1.92012460	-1.92231290	-1.92421220	-1.92699650	-1.92872080	-1.93002620	-1.93230140	-1.93363080	-1.93496350	-1.93600670
0	-0.54846169	-0.53368082	-0.51472295	-0.55925554	-0.62680612	-0.72728361	-0.79633935	-0.82955226	-0.86309142	-0.85818148	-0.85428819	-0.85424880	-0.85245819	-0.89271787	-0.92984392	-0.94271557	-0.96331925	-0.97768231	-0.97121953	-0.95016586	-0.95354794	-0.99647607	-1.00827910	-1.00238660	-1.02439720	-1.04034710	-1.02856640	-0.99147207	-0.99760565	-1.04573520	-1.06238890	-1.05169490	-1.03408420	-1.02128780	-1.01407830	-1.00403970	-0.98191267	-0.94186479	-0.88278255	-0.82554537	-0.78309081	-0.72440805	-0.67347183	-0.61660238	-0.54499603	-0.51884157	-0.49441869	-0.48074961	-0.44860289	-0.41588756	-0.43377095	-0.40087449	-0.33471078	-0.26653627	-0.16016155	-0.06883363	0.03015682	0.14947946	0.21055362	0.29476309	0.37865110	0.45044491	0.51002210	0.51633081	0.55047240	0.62427517	0.59903228	0.62397848	0.72704477	0.77313325	0.85044271	0.90173487	0.95264370	0.93172871	0.85569516	0.85475654	0.75876637	0.65699661	0.69353343	0.68148550	0.70163656	0.78303594	0.71807754	0.65028450	0.63171509	0.57755861	0.59502888	0.62554474	0.60776665	0.59599140	0.69369012	0.80348424	0.74384496	0.66727531	0.62878814	0.66019373	0.67702349	0.51682281	0.42013419	0.44012638	0.39959729	0.32809209	0.33811263	0.34277585	0.30797442	0.31023260	0.28920162	0.23976565	0.24655861	0.31859903	0.36170360	0.40853844	0.46171702	0.49528444	0.53167003	0.62291317	0.70981040	0.74347800	0.78735414	0.80619023	0.84085002	0.81481963	0.79008882	0.86378335	0.86399143	0.82181981	0.72045520	0.61783083	0.53526292	0.44349220	0.43105636	0.41940453	0.37485448	0.32759670	0.27558699	0.27100768	0.32311931	0.31305589	0.32346313	0.34660662	0.32270477	0.35272142	0.45215630	0.58207627	0.65530148	0.70517665	0.80273275	0.89645197	0.85627108	0.83106158	1.04384820	1.08670060	0.98125754	0.95997440	0.99511147	1.06865060	1.06601000	1.03611630	0.97937659	0.90127156	0.87886996	0.94101151	0.91181913	0.79411753	0.71782319	0.71163615	0.73657024	0.66985080	0.57164174	0.44857083	0.27045838	0.14539521	-0.01482358	-0.13756049	-0.21753884	-0.32726781	-0.37416681	-0.32535390	-0.31463632	-0.36414759	-0.36873715	-0.22673630	-0.12805979	-0.09260530	-0.05815806	-0.02292966	-0.05216274	-0.13115675	-0.18413749	-0.17842184	-0.07395590	0.03038378	0.11954039	0.14833930	0.17971707	0.33239086	0.44862735	0.58289061	0.66836376	0.76934177	0.87943770	1.01630350	1.15154950	1.22382800	1.20264970	1.25690090	1.47440090	1.59658080	1.53129000	1.57820190	1.60636710	1.58823310	1.53997290	1.48295710	1.59139040	1.55418220	1.38078440	1.49890990	1.65524850	1.55130330	1.66246110	1.60821680	1.27674530	0.94204256	0.84124950	0.88298640	0.83385835	0.88982432	0.99392209	1.03672140	1.17417150	1.34702690	1.45976300	1.46328130	1.22661920	0.79150222	0.52090924	0.31598120	0.06066242	-0.15094423	-0.43789132	-0.66326798	-0.82993668	-0.96212595	-1.08853400	-1.17011200	-1.22665470	-1.25428820	-1.27721380	-1.29095040	-1.29847590	-1.32635130	-1.37153800	-1.43454840	-1.50873600	-1.59917930	-1.67562480	-1.73846600	-1.78404110	-1.81525660	-1.83549840	-1.85088740	-1.86476650	-1.87459520	-1.88020990	-1.88484740	-1.89042820	-1.89568790	-1.90038490	-1.90213190	-1.90548280	-1.90906060	-1.91186690	-1.91561720	-1.91871750	-1.91979910	-1.92254200	-1.92577860	-1.92860370	-1.93217330	-1.93474790	-1.93573060	-1.93707170	-1.94072730	-1.94378570	-1.94430820
0	-0.47263392	-0.41554604	-0.35992940	-0.43049634	-0.55213190	-0.63162068	-0.73257234	-0.80712043	-0.83723976	-0.85019401	-0.85196445	-0.87200099	-0.89811699	-0.90830460	-0.89120121	-0.88407902	-0.89647653	-0.90214250	-0.90740552	-0.90121095	-0.90061756	-0.91929540	-0.93962113	-0.97651746	-1.00979540	-1.01397570	-1.00585550	-1.01498360	-1.04592900	-1.07333670	-1.07148730	-1.04681640	-1.03666130	-1.03079240	-1.01448880	-0.99415527	-0.96097024	-0.92516033	-0.88806801	-0.83999436	-0.80732941	-0.78445698	-0.73812008	-0.68143515	-0.61843946	-0.60401248	-0.61752496	-0.59136095	-0.53030234	-0.46124058	-0.41389883	-0.35599032	-0.30055533	-0.19624379	-0.09074275	0.02995274	0.23113484	0.34483569	0.38607756	0.43568981	0.50224598	0.53968363	0.61366484	0.64003148	0.63845555	0.70767177	0.79180679	0.83790846	0.84673778	0.93130793	0.98438572	1.05836760	1.14596920	1.17135410	1.15456600	1.05409890	0.90820367	0.84157986	0.83299915	0.82189406	0.82511544	0.81888341	0.78885389	0.75741198	0.70521177	0.65459980	0.61260047	0.63570136	0.70300728	0.70133315	0.66718479	0.60967896	0.55180224	0.52278651	0.53754731	0.51734345	0.45930591	0.43170704	0.43752490	0.38900123	0.28802740	0.24856151	0.21324233	0.18583769	0.21130484	0.27382211	0.25758466	0.16015534	0.14451994	0.19486531	0.28785805	0.38587277	0.41616037	0.43559459	0.45429014	0.46355961	0.51846355	0.58641590	0.60194580	0.64767862	0.66179923	0.62737980	0.64343831	0.67146162	0.69968378	0.66748264	0.56697288	0.49461765	0.44196797	0.39316647	0.36907872	0.33538876	0.29232276	0.23702980	0.20268761	0.25281751	0.25437666	0.20265961	0.19551172	0.21932625	0.25530104	0.27202286	0.38316011	0.53962925	0.62271261	0.73913479	0.87131410	0.90501813	0.88876404	0.88977647	1.00126320	1.08392880	1.06636480	1.09238720	1.06846380	1.02400220	1.05789570	1.06114550	1.03990730	0.96850508	0.83970149	0.77480213	0.72184284	0.66762426	0.64494417	0.60199868	0.56653126	0.49537119	0.38994915	0.33738968	0.22416820	0.09468234	-0.04234677	-0.16649183	-0.29160861	-0.37002112	-0.36647429	-0.37009172	-0.37858641	-0.36530131	-0.37797787	-0.31348524	-0.24838245	-0.24243961	-0.22057866	-0.17498340	-0.17946204	-0.20658601	-0.21964671	-0.21923944	-0.11562881	-0.02697986	0.05827147	0.14716430	0.22625149	0.33621602	0.43737977	0.59571227	0.72179333	0.94002864	1.11463780	1.15577760	1.18879760	1.32773250	1.42114120	1.52429690	1.66879800	1.72951980	1.80170980	1.86089000	1.78609290	1.54773960	1.41220750	1.41478780	1.43575190	1.55295860	1.60996870	1.72999620	1.65612800	1.59454430	1.65695260	1.57284550	1.40711270	1.07766280	0.90754697	0.87616390	0.79341545	0.71829236	0.78796807	0.91928252	1.09277470	1.26124400	1.30395320	1.20057610	0.93950653	0.65318849	0.41482655	0.18550671	-0.06061084	-0.25804498	-0.43530732	-0.60608185	-0.76883537	-0.88465158	-0.98311632	-1.05179260	-1.08421470	-1.06315450	-1.03772050	-1.01465640	-0.99438440	-1.00859350	-1.06499100	-1.15859730	-1.27960430	-1.43877570	-1.56786820	-1.68149500	-1.76289560	-1.81541520	-1.85269290	-1.87619700	-1.89391240	-1.90710390	-1.91717840	-1.92343370	-1.93067790	-1.93813800	-1.94225500	-1.94691400	-1.95257300	-1.95579420	-1.95806520	-1.96146490	-1.96550340	-1.96764540	-1.97107570	-1.97460000	-1.97678780	-1.97967590	-1.98169560	-1.98421530	-1.98758600	-1.98914270	-1.99065870	-1.99230050
0	-0.50952091	-0.48421754	-0.47795118	-0.51128686	-0.55858712	-0.65242826	-0.74529837	-0.78735632	-0.81827950	-0.82604987	-0.83002289	-0.83981558	-0.83737684	-0.83190298	-0.88456876	-0.92592265	-0.92660824	-0.91387106	-0.91882562	-0.92658462	-0.92561501	-0.94510965	-0.97565400	-1.00956380	-1.02880780	-1.02142630	-1.02031160	-1.01552840	-1.00673940	-1.02440570	-1.03655240	-1.03964320	-1.04359090	-1.04133330	-1.01869900	-0.98876267	-0.95553807	-0.91127598	-0.86384704	-0.83011309	-0.78842488	-0.74428152	-0.67757944	-0.57950059	-0.52163503	-0.49553588	-0.50804282	-0.51776794	-0.50485726	-0.47640060	-0.40920677	-0.33294629	-0.28425857	-0.21482945	-0.15543551	-0.09111685	0.05513862	0.13980652	0.20204841	0.32243323	0.39749068	0.40327765	0.37738786	0.46163256	0.54276102	0.59916565	0.68404881	0.66790776	0.65378411	0.77372932	0.85246079	0.84717815	0.87616231	0.83438849	0.83558562	0.81746390	0.78314724	0.73463706	0.73598429	0.76153145	0.73993644	0.72534694	0.69600889	0.60960500	0.52368007	0.53590877	0.54198261	0.52875292	0.57981510	0.64199271	0.65422141	0.64910002	0.65590930	0.64901037	0.53164023	0.41110728	0.42779343	0.48739138	0.47993368	0.39385930	0.33535156	0.24254453	0.19622296	0.22000614	0.20667084	0.21163590	0.20440789	0.23278267	0.23841965	0.23953795	0.27083185	0.33897398	0.42072002	0.45588407	0.49014684	0.53207710	0.58039508	0.60643257	0.64126536	0.71476131	0.81472877	0.83925964	0.80901483	0.81501291	0.78254091	0.71255456	0.64339876	0.55555340	0.49357979	0.45210138	0.37895845	0.35284257	0.31134458	0.27534681	0.27280158	0.20496032	0.20959357	0.24333256	0.20880653	0.21112742	0.27366526	0.32833488	0.37766468	0.48318177	0.59984588	0.70975777	0.80702553	0.93531387	0.94312907	0.86730042	0.98748124	1.07649430	1.06312870	1.02241560	1.03175200	1.07128730	1.03971440	1.02403820	0.96383089	0.90106838	0.88175949	0.83535089	0.76591642	0.70020440	0.67678560	0.66429900	0.62173804	0.56769059	0.52010980	0.39852557	0.24373400	0.13515239	0.00590569	-0.13614925	-0.25279204	-0.31707757	-0.32294610	-0.31931832	-0.33348144	-0.34437526	-0.33336949	-0.26460387	-0.20696987	-0.19109164	-0.14710506	-0.09044176	-0.11817206	-0.13418804	-0.13975210	-0.12171380	-0.04488143	0.02183651	0.13367386	0.20377129	0.25952882	0.39998737	0.48384920	0.58766473	0.69196786	0.86074172	0.99117341	1.09160630	1.18645250	1.28900880	1.41118700	1.47946060	1.52266640	1.69959850	1.71994150	1.67489960	1.82503760	1.87457990	1.69711770	1.55895910	1.55570250	1.60215450	1.63752610	1.58710150	1.65559390	1.73021000	1.75587360	1.78205600	1.52604090	1.20427420	1.03670380	0.90827681	0.86735115	0.94741663	0.98594290	1.00730860	1.12430160	1.39953380	1.47131690	1.31501270	0.97390728	0.72090764	0.52875019	0.28194629	0.04299596	-0.21383895	-0.45156340	-0.63206448	-0.80335689	-0.93271871	-1.04601920	-1.11351560	-1.17429080	-1.19946100	-1.19258870	-1.19296840	-1.20030060	-1.21987640	-1.26476190	-1.33482360	-1.42346370	-1.53761510	-1.63269750	-1.71356940	-1.76862190	-1.80394100	-1.83115620	-1.84852110	-1.86162750	-1.87130960	-1.88056130	-1.88849020	-1.89519340	-1.89963270	-1.90409380	-1.90885480	-1.91184510	-1.91469800	-1.91772360	-1.92218020	-1.92500810	-1.92756160	-1.93086940	-1.93319770	-1.93732840	-1.94124120	-1.94398490	-1.94576170	-1.94761270	-1.95017160	-1.95174760	-1.95292170
0	-0.56342677	-0.53389622	-0.54382160	-0.59824625	-0.69025962	-0.79438396	-0.88414007	-0.92396995	-0.93950366	-0.95351568	-0.95893980	-0.98632095	-0.98852591	-0.97580926	-0.98546957	-0.98883899	-0.99925180	-1.00268490	-0.98385173	-0.98491965	-1.00181610	-1.00877190	-1.02316870	-1.04600310	-1.07319820	-1.08125330	-1.06864550	-1.07797970	-1.09537680	-1.10656930	-1.11349560	-1.10069940	-1.08127910	-1.08322930	-1.07283340	-1.03995940	-1.02447420	-0.98892106	-0.93060879	-0.87991233	-0.83701887	-0.80609304	-0.74890568	-0.67556525	-0.62795103	-0.60985369	-0.60201124	-0.58620909	-0.55438029	-0.51125674	-0.47237050	-0.40496302	-0.30104930	-0.19375260	-0.08530459	0.05536819	0.19171220	0.31195279	0.44437909	0.51485688	0.51897166	0.59475632	0.66440690	0.66869265	0.75224463	0.79140439	0.78946817	0.88634636	0.92848570	0.96156082	1.12468620	1.16996440	1.07071920	1.14685200	1.14120460	1.05514980	0.95821627	0.76428903	0.68666591	0.75272399	0.87620107	0.86580928	0.82613212	0.71003851	0.60399742	0.58003392	0.61711596	0.69039063	0.70960441	0.69691019	0.67385169	0.66641173	0.61743027	0.58992076	0.56476864	0.48249500	0.44468606	0.44252249	0.38703329	0.29782547	0.23604752	0.21153197	0.19629778	0.21354037	0.26546287	0.23810486	0.16512380	0.16759016	0.18157772	0.23047487	0.32972624	0.37468988	0.41328933	0.48172640	0.51810101	0.58629188	0.66488902	0.66331890	0.66539183	0.70593668	0.72772010	0.73773010	0.77023838	0.79203852	0.76812089	0.70627485	0.65054260	0.57432445	0.48769757	0.47597330	0.41698030	0.34130157	0.31315233	0.28906985	0.27029557	0.23519003	0.19789726	0.18794721	0.22293857	0.28174010	0.32906051	0.37555063	0.45803572	0.55255215	0.66325232	0.74515803	0.88230254	1.00370710	0.93159026	0.91802529	1.00816450	1.04414320	1.06599560	1.11048710	1.08977230	1.06266880	1.08496170	1.01314930	0.94977955	0.96536690	0.85332670	0.75702259	0.72466549	0.69777615	0.67765991	0.63457825	0.55045821	0.46256135	0.36021388	0.28236311	0.10943988	-0.03938211	-0.16365501	-0.26841205	-0.34043845	-0.37671784	-0.38155565	-0.41311244	-0.42215749	-0.41793556	-0.39957989	-0.32116574	-0.24976358	-0.18271862	-0.14037732	-0.16205716	-0.16199466	-0.15129539	-0.18289540	-0.16905180	-0.06498466	0.00847556	0.11353172	0.25310345	0.40980888	0.49199637	0.55589853	0.67854850	0.78007354	0.94534027	1.13161100	1.25937280	1.31738740	1.44994910	1.61268030	1.66579880	1.74740090	1.83085300	1.72177690	1.71254350	1.69613760	1.52726920	1.43381690	1.35991200	1.44766010	1.56749160	1.53780680	1.60795030	1.62610300	1.67587710	1.63665990	1.46230560	1.29285330	1.06713940	0.92730839	0.79878339	0.71610644	0.70153634	0.78820329	0.96125671	1.06457190	1.24762390	1.32473360	1.09073860	0.80683504	0.49894198	0.20954885	-0.01232374	-0.21747153	-0.39950964	-0.59589336	-0.74401292	-0.87962065	-0.98484176	-1.08019230	-1.13215570	-1.14621400	-1.12745170	-1.10669700	-1.09347180	-1.06593970	-1.06202260	-1.10411290	-1.18684950	-1.30008410	-1.43765970	-1.54719930	-1.63869980	-1.70105340	-1.74130600	-1.77001110	-1.78823230	-1.80097650	-1.80950210	-1.81568620	-1.82209230	-1.82872970	-1.83306640	-1.83550090	-1.83844940	-1.84194890	-1.84402950	-1.84619020	-1.84910150	-1.85132840	-1.85300870	-1.85582020	-1.85786970	-1.85919760	-1.86100280	-1.86312100	-1.86504100	-1.86612250	-1.86694470	-1.86841910	-1.86957150
0	-0.44148543	-0.44936588	-0.44454026	-0.49762005	-0.58064202	-0.64905496	-0.74259774	-0.81046908	-0.82545751	-0.83678627	-0.86241533	-0.84408514	-0.82226877	-0.84541316	-0.89702358	-0.93829944	-0.95890535	-0.95632317	-0.94416667	-0.95401052	-0.96120551	-0.98570315	-1.01553390	-1.02150180	-1.02760400	-1.03126300	-1.01104370	-0.99653177	-1.00531080	-1.02474950	-1.04108600	-1.04552840	-1.04027120	-1.02274000	-0.99541616	-0.96538883	-0.94188723	-0.90690277	-0.86480662	-0.80965821	-0.71577615	-0.66484814	-0.60487478	-0.53243314	-0.48357534	-0.42462074	-0.39651271	-0.41006007	-0.41013114	-0.37462289	-0.36526045	-0.33545470	-0.26767608	-0.22047893	-0.08745114	0.04584154	0.04806811	0.11588485	0.26274773	0.34265828	0.39618349	0.46838189	0.51847871	0.55241877	0.44085013	0.47279968	0.59775520	0.60700791	0.64271091	0.75693772	0.87283182	0.84753951	0.82982504	0.81202036	0.88092482	0.89013342	0.79245567	0.78019090	0.72152830	0.67254442	0.62908784	0.71445061	0.83314848	0.78404624	0.68988229	0.60994172	0.63182584	0.62571285	0.58245526	0.64992277	0.74696859	0.77693402	0.77737067	0.73834303	0.65349369	0.62086877	0.62291573	0.60460174	0.54311160	0.50983934	0.46769789	0.36629285	0.31899846	0.33282983	0.35439991	0.35385486	0.32030775	0.29262256	0.29374149	0.29711355	0.36156116	0.46143306	0.49296363	0.49854525	0.51530791	0.54920306	0.61283980	0.70846608	0.74353463	0.70970311	0.77011165	0.82161939	0.82093871	0.87490548	0.84359995	0.78864616	0.71644895	0.64685213	0.61479657	0.54229874	0.50287443	0.46449454	0.38449127	0.34748230	0.34445988	0.31845912	0.31314491	0.32920245	0.32132399	0.30438665	0.29307741	0.36617555	0.46978018	0.50230933	0.54717058	0.63011563	0.71891423	0.77746751	0.75164423	0.70121304	0.80765332	0.94918154	0.99774085	0.99146367	1.02241320	1.07410930	1.06832930	1.05313500	1.00610670	0.88681211	0.85573068	0.86060624	0.83564830	0.79001908	0.73633473	0.73237006	0.68993383	0.64503923	0.59200235	0.49284752	0.31318982	0.17527968	0.08639845	-0.02049548	-0.12918065	-0.21652928	-0.23398976	-0.24140632	-0.24109521	-0.22301861	-0.23900095	-0.17970164	-0.11679832	-0.05767249	0.06089825	0.12140364	0.06429435	-0.07397658	-0.14448019	-0.06307823	0.02115911	0.08369578	0.15100866	0.18107252	0.29818253	0.33142609	0.37382619	0.51185854	0.54557688	0.62996380	0.72938550	0.80716061	0.89708757	0.97824549	1.10033800	1.15593000	1.18698440	1.33624390	1.41677280	1.40765110	1.47399190	1.48938780	1.38626930	1.27250020	1.31724590	1.50618880	1.41588590	1.39079980	1.48738870	1.64251550	1.69830800	1.54430960	1.39661050	1.19288530	1.05963060	0.96054271	0.89567971	0.95751617	1.06412570	1.09440620	1.14173860	1.39666080	1.51296210	1.36116370	1.14950480	0.94441530	0.72368087	0.49745037	0.21956587	-0.08196849	-0.33819178	-0.51258775	-0.71728510	-0.87706461	-1.00495980	-1.09655420	-1.15372880	-1.16846330	-1.18721100	-1.20131250	-1.18919760	-1.20782020	-1.26344960	-1.35084570	-1.46186260	-1.59145390	-1.70345420	-1.79731220	-1.86270560	-1.90599640	-1.93688950	-1.95836860	-1.97443780	-1.98561510	-1.99475210	-2.00168810	-2.00838480	-2.01491570	-2.01883040	-2.02318340	-2.02651420	-2.02930050	-2.03286710	-2.03551790	-2.03914860	-2.04234810	-2.04454850	-2.04589440	-2.04841750	-2.05304030	-2.05571950	-2.05688550	-2.05984880	-2.06215950	-2.06317850	-2.06416100
0	-0.49643764	-0.46567683	-0.41583360	-0.45890541	-0.56657688	-0.67091180	-0.74188335	-0.78550748	-0.83705919	-0.86051453	-0.86578472	-0.86088209	-0.84750436	-0.86191350	-0.89525006	-0.91137879	-0.93397983	-0.95656369	-0.94996085	-0.93479176	-0.92889032	-0.93123635	-0.96274240	-1.00164480	-1.03340670	-1.04058460	-1.01577950	-1.00400090	-1.02321260	-1.05565720	-1.06431720	-1.05857600	-1.04244560	-1.02374060	-1.02256090	-1.00281590	-0.96853059	-0.93908649	-0.90904919	-0.85976805	-0.79942284	-0.73902094	-0.67580801	-0.62736709	-0.58701628	-0.55271797	-0.55119314	-0.53023995	-0.48617972	-0.47364456	-0.41485135	-0.32832833	-0.26247752	-0.16837175	-0.07519328	0.03117568	0.16088104	0.28203782	0.33541498	0.40187097	0.49502128	0.50297369	0.50951774	0.59146839	0.66207671	0.65078799	0.72594818	0.83882847	0.99749624	1.09429810	1.04941020	1.12078240	1.14789480	1.10098120	1.06501630	1.00561850	0.88830340	0.74967498	0.69317247	0.72061055	0.74213188	0.82726889	0.86273967	0.70132965	0.62681738	0.56901977	0.60164628	0.64173883	0.60551985	0.67689614	0.70561352	0.67452714	0.67238058	0.67636530	0.60030141	0.56234307	0.57337292	0.50970881	0.47739761	0.42328349	0.32252276	0.27517833	0.26691703	0.26076351	0.25131617	0.24887257	0.21232234	0.19052398	0.21395227	0.26465659	0.33031671	0.36506409	0.40486220	0.44115949	0.52921264	0.62522216	0.65439774	0.73053377	0.76663011	0.77673427	0.79433905	0.81868944	0.81382114	0.80802567	0.81585395	0.73419824	0.60242734	0.53078909	0.53102265	0.47251696	0.39472643	0.32853276	0.30000089	0.24190760	0.17827055	0.19401703	0.17363555	0.18083432	0.19903724	0.18021048	0.23108327	0.29623527	0.36295236	0.50874422	0.64896316	0.71997683	0.79851533	0.87390846	0.86932312	0.86287639	0.99080312	1.07096480	1.03169900	1.07026400	1.11560030	1.05624240	1.00549370	0.98980789	0.94316388	0.89676824	0.85085515	0.74263814	0.62429523	0.61981524	0.61150392	0.55999432	0.53988493	0.43140942	0.28338047	0.20182147	0.08072003	-0.02008072	-0.14461432	-0.26079708	-0.36172454	-0.45070685	-0.48175876	-0.46289260	-0.47198437	-0.47434830	-0.46841574	-0.38470017	-0.32507588	-0.27118444	-0.18938398	-0.17471226	-0.20116093	-0.27296727	-0.31345863	-0.27941598	-0.19878106	-0.10757723	0.03290170	0.11616350	0.13173485	0.27860950	0.40229028	0.56375118	0.71036621	0.89232617	1.02459640	1.09271110	1.27178700	1.47986600	1.49567770	1.59135570	1.71573770	1.72749180	1.79937210	1.83976850	1.72015920	1.63459870	1.65080810	1.55559260	1.54240930	1.60598200	1.54248230	1.54253610	1.62698540	1.74882720	1.66534690	1.51117240	1.29288140	1.08350970	0.93872007	0.76466498	0.69740458	0.82129681	0.93944124	0.99621991	1.06223910	1.32236290	1.45373200	1.30236230	1.01039610	0.67464978	0.38514223	0.11665074	-0.10316541	-0.31237991	-0.52357659	-0.67397281	-0.83761584	-0.96283565	-1.06202710	-1.12622610	-1.16452560	-1.17437490	-1.17036820	-1.16442620	-1.15655720	-1.17250900	-1.22011760	-1.29702260	-1.38789740	-1.49727800	-1.59098370	-1.67236770	-1.73070680	-1.76865210	-1.79524320	-1.81231010	-1.82679890	-1.83715620	-1.84392410	-1.85032510	-1.85728270	-1.86223470	-1.86490520	-1.86806140	-1.87179570	-1.87367840	-1.87694060	-1.88106800	-1.88421280	-1.88678380	-1.88850900	-1.89038360	-1.89325530	-1.89603330	-1.89799910	-1.89989450	-1.90221350	-1.90425870	-1.90591710	-1.90675710
0	-0.46057761	-0.36922868	-0.35411628	-0.45859699	-0.54103587	-0.62855279	-0.71531853	-0.75360706	-0.78490742	-0.80041320	-0.82072021	-0.85523832	-0.87438663	-0.87615420	-0.87295477	-0.87529642	-0.90858765	-0.92496252	-0.91628468	-0.90181752	-0.90747598	-0.92489123	-0.94350197	-0.97867827	-0.99850322	-0.99662785	-0.97811091	-0.98473738	-1.00722770	-1.02282000	-1.02812030	-1.02428820	-1.02163850	-1.02942370	-1.02406100	-0.99140172	-0.95645923	-0.91615894	-0.88228069	-0.83857331	-0.76872540	-0.73880879	-0.70451964	-0.64915843	-0.60102662	-0.56365677	-0.57179515	-0.57279119	-0.55455294	-0.51463848	-0.47658053	-0.41503730	-0.34417139	-0.28294297	-0.20039290	-0.07174650	0.08575942	0.13299142	0.20393226	0.33555721	0.38155463	0.37403428	0.33070679	0.37553070	0.47509482	0.54222508	0.61589138	0.66965996	0.74291132	0.76437151	0.75788816	0.81480010	0.84645502	0.77014451	0.71669883	0.75211084	0.76050743	0.68041653	0.65163127	0.59442770	0.60560608	0.69718100	0.64442572	0.57208953	0.50794954	0.50619761	0.51244782	0.51667913	0.58209870	0.60845836	0.57328542	0.56331264	0.55618620	0.51486723	0.47106686	0.43468618	0.43545204	0.40827680	0.35370989	0.30325542	0.21968493	0.18802273	0.23433401	0.25556469	0.22337894	0.19742519	0.15823873	0.16136134	0.17376688	0.20799983	0.32489592	0.42917623	0.43590283	0.42094136	0.49416833	0.58724129	0.59476070	0.58974372	0.67897092	0.70280362	0.70269580	0.72916340	0.77316457	0.79018995	0.73351870	0.65811192	0.60769869	0.58826051	0.50485146	0.42257779	0.40864767	0.35991670	0.27194280	0.26750840	0.30898046	0.29363477	0.25127880	0.24583516	0.24736755	0.26410238	0.28270355	0.31944351	0.40090778	0.52223719	0.65135999	0.75324811	0.77624069	0.75146747	0.76395091	0.82598279	0.97372400	1.05257870	1.08798900	1.05731510	1.00331660	1.03775120	1.08104820	1.11724270	1.08738350	0.97911886	0.95119528	0.90341817	0.79700953	0.66139961	0.61687031	0.68964299	0.62833520	0.51614102	0.47441426	0.38582206	0.25037562	0.14373114	0.01835047	-0.10279916	-0.19592522	-0.25350424	-0.28729719	-0.30784596	-0.31622489	-0.33131479	-0.34598302	-0.30904266	-0.22471843	-0.18392680	-0.17382262	-0.10898293	-0.09097243	-0.16535743	-0.20048926	-0.21321082	-0.14576346	-0.00014572	0.10917125	0.14955401	0.25245623	0.44371926	0.53568446	0.66016154	0.74170465	0.82998797	0.89391409	1.03264720	1.17100580	1.26462680	1.43868440	1.51942860	1.61136560	1.79342990	1.84623390	1.92427220	1.94219590	1.78111480	1.68496760	1.62855730	1.58236340	1.65108310	1.65842610	1.67567740	1.65720020	1.73611140	1.73357440	1.55803530	1.54025150	1.27231410	1.04380900	1.00064840	0.80823171	0.88268746	1.09301150	1.05035830	1.10176790	1.44860940	1.58021270	1.36517480	1.10502510	0.80306217	0.53537180	0.37045253	0.11464158	-0.10937253	-0.33880132	-0.51133839	-0.67754291	-0.83063006	-0.96508114	-1.04542710	-1.07387330	-1.06405420	-1.05730540	-1.04165860	-1.02861480	-1.04599090	-1.08964100	-1.18093050	-1.30557320	-1.46364240	-1.58925570	-1.69573700	-1.77032280	-1.81902840	-1.85499870	-1.87898920	-1.89619460	-1.90663630	-1.91643440	-1.92655600	-1.93474100	-1.93991050	-1.94399870	-1.94811120	-1.95244310	-1.95713660	-1.96033410	-1.96380490	-1.96810730	-1.97139290	-1.97411560	-1.97715410	-1.98079020	-1.98439660	-1.98745840	-1.98970850	-1.99188310	-1.99404280	-1.99702730	-1.99926590
0	-0.59846394	-0.55997954	-0.56824434	-0.61179261	-0.67044143	-0.74241476	-0.79357026	-0.85663907	-0.89109943	-0.86448291	-0.85796403	-0.86661334	-0.88373158	-0.89834973	-0.93448515	-0.96410959	-0.95956821	-0.97467902	-0.98216635	-0.96478041	-0.96458986	-0.99681571	-1.02217210	-1.02763640	-1.03400380	-1.01576950	-0.98616827	-0.98846028	-0.98855368	-1.00295630	-1.01768780	-1.01459620	-1.01759250	-1.01863520	-1.01421150	-1.01236990	-1.00110600	-0.95531141	-0.89808373	-0.83910041	-0.78842229	-0.74921375	-0.67015118	-0.57383326	-0.49785620	-0.42655658	-0.42439078	-0.43686054	-0.39382610	-0.37662600	-0.36792197	-0.26779386	-0.18596842	-0.15163149	-0.05688368	0.04156584	0.16263734	0.28312031	0.36540209	0.42151342	0.44549915	0.54662733	0.62585459	0.66255342	0.73404797	0.78304281	0.83174087	0.86216597	0.98091233	0.99730321	0.99409929	1.09732970	1.05354460	1.08783600	1.08763120	0.85183144	0.78266268	0.77216945	0.78243590	0.83161497	0.86423356	0.86406482	0.68131594	0.63049729	0.66220834	0.62334210	0.58619901	0.55545480	0.64119100	0.74338627	0.70793588	0.71905066	0.69779393	0.62302898	0.59387753	0.56572510	0.55739340	0.51348306	0.48126363	0.44224339	0.38120370	0.28908070	0.25091680	0.26103920	0.28220274	0.31800922	0.29139409	0.25018016	0.22353201	0.25965546	0.33753350	0.44465082	0.46925863	0.49010125	0.53802600	0.57380074	0.67486289	0.79793849	0.84069123	0.82656243	0.90887157	0.94479336	0.92619018	0.93533430	0.90163784	0.80473802	0.69210669	0.57980185	0.49970458	0.44262748	0.38185250	0.33339479	0.33041956	0.28950946	0.24317705	0.25427291	0.25787652	0.24478125	0.24853256	0.25838714	0.28681722	0.36592361	0.46200054	0.58852298	0.65964563	0.73460786	0.91293536	1.03447530	0.94029055	0.89580206	1.01047300	1.06623040	1.13248480	1.10371010	1.06498010	1.09374580	1.06258090	1.02497050	0.93536155	0.83625564	0.82799330	0.80317164	0.73274086	0.70169560	0.67578249	0.62633058	0.56160039	0.54111568	0.42851995	0.26464826	0.12629972	0.03121923	-0.08344463	-0.22873376	-0.35108010	-0.42020484	-0.44738487	-0.45188244	-0.43213791	-0.45564903	-0.47329381	-0.37060342	-0.28298066	-0.25216377	-0.23723742	-0.22174690	-0.23512900	-0.27171231	-0.29941739	-0.32457451	-0.23235063	-0.12436104	-0.06565472	-0.01052787	0.08840887	0.22280925	0.32216491	0.44229244	0.59402662	0.79428732	0.89263265	1.05927310	1.26169520	1.42240490	1.48528510	1.55715430	1.62396400	1.69390300	1.75099910	1.75733170	1.63392020	1.49199400	1.55225050	1.62430570	1.54572460	1.46610660	1.44140610	1.40747480	1.43557520	1.67366050	1.65823660	1.45908430	1.23745980	0.89171005	0.70051021	0.65407809	0.63990366	0.73028481	0.90635983	1.01381320	1.25340320	1.62601840	1.46057480	1.30508730	1.05654590	0.63359958	0.31074246	0.05673030	-0.18853134	-0.40868011	-0.62617095	-0.79439678	-0.94971801	-1.06581000	-1.18134230	-1.25214390	-1.30337980	-1.33633770	-1.35763130	-1.37950840	-1.39968430	-1.42287030	-1.45712770	-1.50442820	-1.55687560	-1.61494830	-1.65827340	-1.69559880	-1.72400530	-1.74288480	-1.75659890	-1.76698200	-1.77630450	-1.78232000	-1.78625330	-1.78962440	-1.79367240	-1.79783900	-1.80034570	-1.80155790	-1.80405820	-1.80588100	-1.80778920	-1.81109340	-1.81349400	-1.81545950	-1.81746670	-1.81925110	-1.82076990	-1.82257520	-1.82524240	-1.82765380	-1.82967810	-1.83036770	-1.83109170	-1.83228410
1	-0.51973881	-0.47788275	-0.49268718	-0.54664986	-0.61995953	-0.73531553	-0.81836559	-0.85881368	-0.88165407	-0.89001838	-0.89391573	-0.89494972	-0.89164349	-0.90922861	-0.94661508	-0.98214795	-0.99386890	-0.99364411	-1.00501870	-1.00365100	-0.99423152	-1.00428220	-1.04153880	-1.08125520	-1.11598200	-1.12743820	-1.10281300	-1.09077620	-1.10694080	-1.12222670	-1.12437530	-1.10848050	-1.09072680	-1.09422340	-1.08734480	-1.05849870	-1.03636280	-1.00079610	-0.94565155	-0.87037529	-0.79564702	-0.75156268	-0.67700044	-0.57082656	-0.50742604	-0.49965177	-0.50553744	-0.52093095	-0.51330287	-0.48280419	-0.46599017	-0.40878265	-0.35982262	-0.25926854	-0.09221673	0.02170789	0.13926518	0.27099625	0.37103793	0.43932345	0.51143573	0.49730770	0.53717794	0.67942635	0.69553746	0.70636176	0.75304967	0.76900754	0.77902275	0.74233692	0.77425421	0.87155126	0.90794159	0.86691816	0.84939849	0.78284187	0.68590194	0.64188843	0.59084130	0.67153742	0.71613714	0.73096295	0.77857031	0.68948014	0.60276458	0.58113507	0.54869010	0.55434323	0.61519321	0.65226734	0.71429119	0.74779894	0.73509846	0.69131559	0.65119954	0.61991780	0.58159361	0.53135974	0.51281264	0.45829289	0.33909795	0.25811876	0.23904469	0.23289612	0.21140720	0.21093207	0.23968991	0.22952444	0.19716928	0.25186127	0.35954440	0.45416419	0.51323057	0.53187728	0.57084777	0.67457849	0.71890279	0.74771271	0.81630197	0.85398357	0.87477580	0.90391477	0.93897406	0.93787437	0.92325209	0.83632296	0.71961812	0.63804793	0.54067814	0.48009188	0.44339196	0.38483918	0.38658982	0.36982752	0.32880265	0.26634189	0.24378493	0.25316699	0.20048842	0.22229971	0.27137858	0.30116731	0.38090886	0.50004408	0.64967775	0.77935038	0.84620166	0.89628992	0.86333792	0.84499208	0.93622860	1.00264490	1.01328870	0.99487837	1.01358970	1.07137940	1.01157460	0.91933826	0.85909002	0.78314704	0.72743814	0.66075694	0.57668436	0.59559838	0.61275710	0.58113340	0.57451890	0.53587603	0.43792863	0.31499077	0.18485280	0.06060469	-0.07867431	-0.19493662	-0.27315041	-0.33370800	-0.35631680	-0.35878862	-0.33733159	-0.32537857	-0.34080731	-0.25005859	-0.12421535	-0.07472524	-0.06600465	-0.03284112	-0.06624819	-0.09698169	-0.11230103	-0.12321133	-0.05436205	0.03179668	0.17114042	0.32918104	0.32767609	0.32490196	0.43297602	0.57440352	0.66455551	0.83296405	0.97571364	1.09295540	1.16728100	1.23879700	1.39943290	1.51132320	1.52441820	1.47957060	1.43943640	1.39596070	1.41876670	1.44485610	1.35098020	1.28281780	1.37688430	1.38969810	1.41446240	1.67703750	1.62011170	1.66598870	1.83208260	1.82422580	1.68150230	1.36611870	1.10701310	0.96164473	0.95672927	1.00078150	1.15593750	1.28541160	1.33802790	1.54271430	1.62584920	1.59116730	1.31421320	0.73723800	0.31432860	0.08154789	-0.17396130	-0.40910478	-0.62814181	-0.79167586	-0.95590207	-1.08428840	-1.18467360	-1.23682220	-1.26462690	-1.27636620	-1.27676570	-1.26805170	-1.26051600	-1.27179050	-1.30667180	-1.36927460	-1.44412180	-1.53723590	-1.61443730	-1.67940390	-1.72523040	-1.75534570	-1.77672540	-1.79034010	-1.80053960	-1.80802970	-1.81463750	-1.82063180	-1.82558080	-1.82859630	-1.83209830	-1.83570820	-1.83738250	-1.83888710	-1.84156570	-1.84445450	-1.84703100	-1.84876640	-1.85095100	-1.85381000	-1.85651630	-1.85863700	-1.86081960	-1.86301360	-1.86463910	-1.86637860	-1.86787530	-1.86860680
1	-0.40727383	-0.38262992	-0.44092884	-0.52708256	-0.59484591	-0.69076724	-0.77191679	-0.79735013	-0.82758478	-0.84397153	-0.85457335	-0.85666829	-0.85052255	-0.86269171	-0.87542081	-0.89727555	-0.90475778	-0.89757468	-0.89358691	-0.89440764	-0.90743107	-0.93228936	-0.96256848	-0.98720834	-1.00698490	-1.02187260	-1.01329790	-0.99138190	-1.00495360	-1.03014500	-1.02221980	-0.99766014	-0.98919100	-0.98768682	-0.98473013	-0.97138077	-0.94951495	-0.92007603	-0.86499566	-0.81567941	-0.76115912	-0.68959274	-0.62700903	-0.54791999	-0.49227685	-0.48455133	-0.49225768	-0.51374652	-0.51308868	-0.48036249	-0.43872969	-0.39048135	-0.32013379	-0.23236616	-0.09180219	0.06542760	0.17134396	0.34029616	0.51025026	0.55488601	0.59263434	0.60423938	0.64558129	0.69009113	0.66012746	0.71261748	0.76356456	0.88354846	1.01659700	1.02481950	1.11132700	1.13501410	1.16003720	1.18390200	1.10603900	0.94866577	0.84685426	0.83982356	0.83687690	0.84206477	0.83314289	0.89719635	0.89317714	0.82275487	0.73317166	0.68631835	0.65742737	0.60431813	0.65749430	0.74143315	0.80413903	0.77404002	0.70528242	0.64123615	0.57923752	0.55701928	0.52286871	0.49585245	0.46987385	0.42145664	0.33550952	0.25222656	0.24188869	0.25266238	0.24718750	0.22333274	0.19293475	0.19468924	0.21162364	0.27831639	0.40501749	0.52933394	0.59028533	0.59739253	0.60573922	0.61693659	0.66150722	0.71965627	0.77066353	0.81627197	0.81510091	0.81758930	0.85276600	0.86454906	0.86207055	0.86113918	0.76264517	0.58664939	0.49141165	0.46042244	0.39399423	0.32948310	0.27141894	0.23496459	0.25994714	0.26327243	0.20328549	0.17047202	0.16443198	0.14408246	0.19436855	0.27489798	0.36308541	0.49821164	0.61441901	0.70639314	0.77575993	0.83031810	0.83095363	0.84104597	0.89381806	0.92999245	0.97831670	0.92027424	0.87864175	0.92961742	0.94916178	0.90427376	0.80938185	0.67329971	0.56969837	0.54943883	0.56444776	0.56137744	0.50102970	0.42066884	0.39389976	0.41577471	0.31829965	0.23452338	0.11072089	-0.03622178	-0.13938850	-0.24932766	-0.34327936	-0.40379942	-0.39530947	-0.39578361	-0.40255441	-0.38388961	-0.40565422	-0.35298409	-0.25169912	-0.19256586	-0.14902691	-0.11668997	-0.17203414	-0.23595734	-0.29843102	-0.32731885	-0.20901968	-0.09308224	0.03281714	0.10544558	0.17683350	0.26757115	0.30810595	0.39258303	0.47703301	0.66603710	0.85071492	0.97123584	1.11829900	1.28472390	1.40049460	1.55308400	1.63148510	1.59671520	1.59560610	1.54560860	1.40931290	1.31382300	1.18761430	1.13754140	1.23407570	1.39071200	1.40327790	1.47141150	1.52085780	1.82625650	1.99372680	1.79297270	1.55274470	1.28616090	1.10673610	0.93043321	0.80236343	0.93286845	1.09797420	1.14744500	1.25899190	1.69509400	1.90971350	1.59981690	1.17159780	0.74315306	0.37700413	0.08608777	-0.16359254	-0.37168317	-0.58431536	-0.74573203	-0.91374015	-1.03310690	-1.12947630	-1.19081270	-1.23335860	-1.23615300	-1.22157010	-1.21130390	-1.19861360	-1.20995490	-1.24299890	-1.30735180	-1.39811160	-1.51535360	-1.60964770	-1.68982350	-1.74818670	-1.78656740	-1.81525490	-1.83468650	-1.84666120	-1.85538970	-1.86481350	-1.87163970	-1.87758200	-1.88306780	-1.88761120	-1.89077370	-1.89396340	-1.89705200	-1.89982150	-1.90350370	-1.90722860	-1.90952640	-1.91228490	-1.91527540	-1.91783910	-1.92097080	-1.92406580	-1.92686920	-1.92933750	-1.93097710	-1.93284530	-1.93412390
1	-0.54327633	-0.50546034	-0.50130697	-0.54671129	-0.63468499	-0.71180884	-0.78801404	-0.85518225	-0.89254199	-0.90711280	-0.88818139	-0.86759001	-0.86377982	-0.86816373	-0.91614505	-0.97108193	-0.98124428	-0.98951457	-1.00787450	-1.00633620	-1.00470090	-1.02599270	-1.05485090	-1.08130990	-1.10078680	-1.09895900	-1.08791750	-1.07584650	-1.07215590	-1.08921500	-1.09654700	-1.09061760	-1.08772010	-1.07799420	-1.05846020	-1.04740260	-1.04373870	-1.00712760	-0.94718087	-0.89963249	-0.85593733	-0.78937826	-0.66838468	-0.55578729	-0.49717012	-0.47026724	-0.47460002	-0.45520558	-0.45556880	-0.47461614	-0.45485305	-0.40923298	-0.36060492	-0.27111337	-0.17186632	-0.05901395	0.07872263	0.23680260	0.41707241	0.45577851	0.44960256	0.46165676	0.48582984	0.56926642	0.65199465	0.69779320	0.71656606	0.78330133	0.75936597	0.80154236	0.92704842	0.90454887	0.89023622	0.82990969	0.75129756	0.61604494	0.55702030	0.56358185	0.56153638	0.65351281	0.74414638	0.70645680	0.65359876	0.68396042	0.64635197	0.55875678	0.54302938	0.55846853	0.61420300	0.72355674	0.75000902	0.77993384	0.74368807	0.68210585	0.72909765	0.70771300	0.63863558	0.55166248	0.49989798	0.45453515	0.34855886	0.24731173	0.21987959	0.20349118	0.16763327	0.16939050	0.13589814	0.12991905	0.16696744	0.22252117	0.32958288	0.42699446	0.48857648	0.57283776	0.66494707	0.71643174	0.74991197	0.83461564	0.88435777	0.88051924	0.94633966	1.01975440	1.01511520	0.97499904	1.00545960	0.93311295	0.77075453	0.66161079	0.57616725	0.46712836	0.39206466	0.38774031	0.36629815	0.30064624	0.25456889	0.21280367	0.17156484	0.17117657	0.16538766	0.19235133	0.26278856	0.31418461	0.41206712	0.54444947	0.65624897	0.73113316	0.84529369	0.97726221	0.90424521	0.83218785	0.87337503	0.93360247	1.03941740	1.07553500	1.02828630	0.95387737	0.94019102	0.92154858	0.83010542	0.76635624	0.69968679	0.66814102	0.64338199	0.60714598	0.56747963	0.57872473	0.53143257	0.43472759	0.32769761	0.24971846	0.15974457	0.03743954	-0.08884953	-0.24425238	-0.35100264	-0.39423755	-0.40482247	-0.38379835	-0.39557796	-0.40847749	-0.37375769	-0.24907848	-0.14688825	-0.06444036	-0.01662756	-0.01010576	-0.04616257	-0.13696352	-0.19795980	-0.22773633	-0.15349590	-0.02001816	0.13249091	0.24010406	0.25440952	0.34178855	0.43559973	0.54429636	0.65660304	0.86732057	1.05922230	1.19366860	1.30529900	1.41411380	1.45260480	1.52716800	1.70666850	1.78754570	1.77918300	1.65909410	1.51675710	1.45396130	1.45331210	1.33389730	1.31381130	1.51837930	1.51354180	1.58708950	1.63269320	1.72959070	1.90777210	1.76384500	1.45884080	1.21752720	1.03671110	0.93689654	0.90610256	0.99085911	1.14280860	1.27631630	1.41386360	1.64078420	1.69790270	1.44630220	1.08226260	0.61025254	0.21202416	-0.06391326	-0.33266622	-0.55388599	-0.76596056	-0.91786232	-1.05357900	-1.14937120	-1.22966290	-1.28045560	-1.30407340	-1.30745400	-1.30988260	-1.30471090	-1.29362230	-1.30466700	-1.33139360	-1.38062670	-1.44735570	-1.52592750	-1.59144890	-1.64432940	-1.68229680	-1.70884590	-1.72692180	-1.73837450	-1.74803360	-1.75507600	-1.75969920	-1.76368540	-1.76827820	-1.77291970	-1.77566390	-1.77757050	-1.77943560	-1.78139840	-1.78384030	-1.78616790	-1.78848100	-1.79025340	-1.79278120	-1.79531030	-1.79727410	-1.79934120	-1.80183700	-1.80403050	-1.80582870	-1.80730760	-1.80882980	-1.80963940
1	-0.55977161	-0.51515581	-0.50487576	-0.56351049	-0.65886079	-0.74356717	-0.82699006	-0.88457833	-0.90271497	-0.90874414	-0.90482096	-0.89437569	-0.89180433	-0.90589945	-0.93950112	-0.97512148	-0.99255645	-0.99337221	-1.00091190	-1.00685330	-1.01211760	-1.02866590	-1.05589880	-1.08739800	-1.10454500	-1.10320260	-1.08503650	-1.07463370	-1.08744390	-1.10523140	-1.10192240	-1.09078260	-1.08360160	-1.08640500	-1.08319950	-1.06292710	-1.03996440	-1.00245930	-0.95452958	-0.89565145	-0.82167340	-0.74400946	-0.66950532	-0.58560572	-0.50631026	-0.48358707	-0.48840369	-0.49217213	-0.49793108	-0.49189505	-0.48086895	-0.42296244	-0.33937770	-0.26385143	-0.15417370	-0.03578585	0.11345923	0.25792435	0.33241939	0.37839063	0.43119171	0.50775146	0.52903043	0.58558361	0.61954490	0.60827339	0.64985609	0.70616761	0.75370939	0.84132094	0.88294379	0.88863603	0.84892339	0.77780287	0.73679527	0.65484667	0.55761259	0.53427801	0.59775941	0.61206577	0.68588733	0.71662921	0.69254920	0.64425774	0.59393387	0.57461873	0.54137320	0.57966904	0.58452258	0.65002892	0.75453812	0.75214296	0.71400511	0.63740384	0.59331351	0.58239701	0.56934921	0.54930560	0.52670710	0.46301159	0.33708887	0.23520227	0.17496059	0.15060388	0.14227494	0.17725150	0.21905104	0.16638925	0.14112363	0.21210461	0.33553803	0.43677659	0.48087165	0.51437618	0.58292335	0.64372292	0.71933462	0.77769327	0.79999773	0.89749168	0.95174596	0.93076040	0.96953756	1.03933590	1.02079150	0.89648488	0.77240866	0.65625037	0.55100733	0.47487229	0.39627825	0.34322054	0.27783104	0.24007314	0.21599749	0.16997650	0.15541028	0.14019963	0.12312490	0.14538486	0.18835878	0.25445855	0.38929229	0.53115500	0.64466014	0.76217125	0.82547272	0.89134592	0.83949601	0.76285084	0.92151283	0.95281623	0.90314339	0.96835707	0.97183446	0.92790474	0.89648488	0.88997913	0.82307220	0.71168665	0.64793315	0.60031406	0.60478528	0.57997592	0.54425056	0.57043656	0.51347351	0.45229062	0.37427492	0.29254989	0.16428264	0.01565767	-0.11309939	-0.24270787	-0.34284886	-0.39197590	-0.37807905	-0.35954700	-0.37735207	-0.38382354	-0.38464977	-0.30540881	-0.17868192	-0.09743423	-0.05850780	-0.03689053	-0.06126533	-0.12344017	-0.16624788	-0.17712260	-0.10989334	0.02952995	0.18356635	0.28474555	0.36175009	0.43245251	0.45809035	0.53890846	0.66639412	0.86309969	1.02707710	1.14798520	1.30739450	1.41617490	1.51057390	1.64760060	1.73643010	1.66990420	1.56012890	1.56847510	1.49850870	1.35873420	1.25628280	1.26281670	1.33723230	1.54645050	1.69114900	1.77021980	1.76528590	1.94609510	2.12015990	2.00424330	1.64995820	1.31012940	1.06668580	0.96737097	0.96090874	0.99781060	1.13322120	1.29671730	1.49291270	1.70406150	1.83430130	1.62174710	1.23143750	0.72873568	0.32522319	0.00815235	-0.29106941	-0.50487651	-0.70535226	-0.85965089	-1.00437570	-1.11352640	-1.19656430	-1.24147440	-1.26649660	-1.26651810	-1.25444140	-1.24011520	-1.23171630	-1.23876760	-1.26746730	-1.32092710	-1.38956040	-1.48150740	-1.55835930	-1.62243220	-1.66836840	-1.69824710	-1.71870040	-1.73175240	-1.74227090	-1.74991860	-1.75534800	-1.76026530	-1.76523460	-1.76909870	-1.77241860	-1.77438280	-1.77632350	-1.77878350	-1.78082110	-1.78361230	-1.78622390	-1.78830310	-1.79075200	-1.79259780	-1.79510640	-1.79768030	-1.79991250	-1.80148520	-1.80316820	-1.80475260	-1.80578640	-1.80730480
1	-0.57643322	-0.53298774	-0.50687836	-0.56112421	-0.65208653	-0.76729111	-0.84949585	-0.88827835	-0.91485692	-0.92853993	-0.92320641	-0.90031318	-0.88434139	-0.91255943	-0.94883949	-0.97170323	-0.98879153	-0.97583454	-0.97737960	-0.98456857	-0.99444933	-1.01163260	-1.03138860	-1.07343940	-1.08961170	-1.09319670	-1.08810540	-1.08122500	-1.09549030	-1.10786220	-1.11207390	-1.10843320	-1.09144750	-1.07876250	-1.07024680	-1.05058640	-1.02460210	-0.99771947	-0.94820768	-0.88248148	-0.83049047	-0.76586433	-0.66517930	-0.56415153	-0.49556625	-0.46357789	-0.48152968	-0.50846755	-0.50733376	-0.49310519	-0.47746192	-0.42829096	-0.35948769	-0.24633269	-0.15645143	-0.05915122	0.14454040	0.27737333	0.34455888	0.38121605	0.39327528	0.43725307	0.50914382	0.58269207	0.62293233	0.62866142	0.67846292	0.72752642	0.82103340	0.92691245	0.83175368	0.85971947	0.98295721	0.90684997	0.82451316	0.73834228	0.59686793	0.61085793	0.66136370	0.66692592	0.69678228	0.68913494	0.69053615	0.68926807	0.60278372	0.53227361	0.57554151	0.57992539	0.61412924	0.69282558	0.67521102	0.71054293	0.73811262	0.66308931	0.61805284	0.63728279	0.64905433	0.57294826	0.49549009	0.41810353	0.31718682	0.29593720	0.29182595	0.25724731	0.25825593	0.27682075	0.25449590	0.21747466	0.23627870	0.26800515	0.30484605	0.40182813	0.49521937	0.54649656	0.57719032	0.61206916	0.67886210	0.68304846	0.71702000	0.83629244	0.89925111	0.89045099	0.85435233	0.85311554	0.82007963	0.77729928	0.77872076	0.66907925	0.58064440	0.52826896	0.44776628	0.41149577	0.37549831	0.36289436	0.33280442	0.28647609	0.26268362	0.23237356	0.22293621	0.24517885	0.29528841	0.35307990	0.40861049	0.50503352	0.61959345	0.75326823	0.86750143	0.87422237	0.80255503	0.77162122	0.85089930	0.89284024	0.91184053	0.97986104	0.97561665	0.92626132	0.87342146	0.86598140	0.84094641	0.75662790	0.75823174	0.69290037	0.62318522	0.63179005	0.63162170	0.62098130	0.61310928	0.55698124	0.43059938	0.37687693	0.23829020	0.11159116	0.00657986	-0.12908733	-0.23826240	-0.29939807	-0.28557430	-0.26238256	-0.27641393	-0.29628260	-0.29838585	-0.18003662	-0.08749020	-0.01619690	0.02685926	0.03102950	0.01716223	-0.06186869	-0.11885056	-0.11071408	-0.02957959	0.05601294	0.20272237	0.29509598	0.38433482	0.44525610	0.47049244	0.56263544	0.67709989	0.84722860	0.95621718	1.07226510	1.14379960	1.27223020	1.38254550	1.40440280	1.42932040	1.49885170	1.59446350	1.50527160	1.36976420	1.34444960	1.33435520	1.31371210	1.27272630	1.44606420	1.56009290	1.44512360	1.48234670	1.80424700	1.85821490	1.76163950	1.54012030	1.26849790	1.08698220	0.96193312	0.97428693	1.12229840	1.17057840	1.27458370	1.43171980	1.58393280	1.72483960	1.65285730	1.35145240	0.91499324	0.46698754	0.14174603	-0.13186240	-0.36538979	-0.60224419	-0.76494472	-0.92711845	-1.05573310	-1.15040880	-1.19908490	-1.21910390	-1.21340860	-1.19994250	-1.18843370	-1.17529720	-1.18330200	-1.22107320	-1.29509860	-1.38883920	-1.50333450	-1.60327670	-1.68831660	-1.74613930	-1.78266270	-1.80789190	-1.82546600	-1.83994870	-1.84887120	-1.85498850	-1.86172880	-1.86800350	-1.87242020	-1.87604650	-1.87903680	-1.88202100	-1.88419790	-1.88569710	-1.88858370	-1.89226990	-1.89438610	-1.89664900	-1.89943570	-1.90170100	-1.90412040	-1.90683490	-1.90918760	-1.91116390	-1.91277870	-1.91461370	-1.91574850
1	-0.41806821	-0.35371261	-0.36231337	-0.46021944	-0.55208820	-0.64319714	-0.74832691	-0.81300480	-0.83607823	-0.83024067	-0.81869116	-0.79386383	-0.79168235	-0.82971438	-0.87310463	-0.89958174	-0.91588172	-0.92426342	-0.91562640	-0.90070947	-0.91482710	-0.93977068	-0.95871585	-1.00452340	-1.02612670	-1.01708790	-1.01156360	-1.00233420	-1.00588970	-1.03132420	-1.04051320	-1.03125150	-1.01784430	-1.01103450	-1.01236820	-0.99193189	-0.94498281	-0.90975652	-0.86589293	-0.80989563	-0.75248705	-0.68541900	-0.60485890	-0.50640154	-0.44439441	-0.43542443	-0.42989966	-0.44158853	-0.42379318	-0.39887241	-0.41834810	-0.37852356	-0.30396598	-0.23487570	-0.11934025	0.02749400	0.15378887	0.25545792	0.34686430	0.43764598	0.52427424	0.52951810	0.52889779	0.58052657	0.61503237	0.68215935	0.74309767	0.82036872	0.95991699	1.01959890	0.99173726	1.02154890	1.01286450	0.89056715	0.80987779	0.82701758	0.77023107	0.68270699	0.66671818	0.73308110	0.82948670	0.83792747	0.80260628	0.77767776	0.76039013	0.73475180	0.68291201	0.64512169	0.66519752	0.74681736	0.77211497	0.76062746	0.77231706	0.70111154	0.63008705	0.60384610	0.56860241	0.54530262	0.52583204	0.43089096	0.34305365	0.31013183	0.25823003	0.22572102	0.24237313	0.25553484	0.26355988	0.24863944	0.26635743	0.34010460	0.42043453	0.48760977	0.54866244	0.62492844	0.64581907	0.65560503	0.69138480	0.77569091	0.82195914	0.82899507	0.86934691	0.89055794	0.90936155	0.94978447	0.95139331	0.90666417	0.82174213	0.66548165	0.55773010	0.50290061	0.42002406	0.36408569	0.34373977	0.32259251	0.30801118	0.27319434	0.24461120	0.23297015	0.22161411	0.24595083	0.28291493	0.33093998	0.43512816	0.54764993	0.67575573	0.78669746	0.88039251	0.92304034	0.79893996	0.75933463	0.92441915	1.02483150	0.99210357	0.90767097	0.88028883	0.91422638	0.89448381	0.85096269	0.81712473	0.69481349	0.58278497	0.55769545	0.58128302	0.61524573	0.56846291	0.52159133	0.51252747	0.46357150	0.36768766	0.33275472	0.22775612	0.07277210	-0.09073313	-0.20775370	-0.28411973	-0.32887505	-0.35102166	-0.35957036	-0.32201197	-0.29912089	-0.30325778	-0.21588988	-0.14532339	-0.11101046	-0.07401609	-0.03745252	-0.06316659	-0.14628135	-0.22328203	-0.23166036	-0.10199719	-0.01242748	0.06579422	0.12961389	0.16993839	0.25654194	0.31518924	0.39541973	0.48049092	0.69193683	0.88726934	1.03596690	1.17765030	1.27339090	1.43067900	1.48566350	1.47646200	1.53696900	1.52652990	1.51374560	1.47249240	1.32530140	1.20545840	1.17773800	1.19135480	1.26789070	1.31154030	1.45408070	1.57539700	1.77565460	1.97980730	1.80580680	1.41576290	1.15638380	1.01567360	0.92867376	0.82522434	0.82416095	1.01238370	1.21202690	1.36297780	1.46693450	1.59300590	1.50491850	1.14571700	0.71802072	0.39731621	0.11938675	-0.16710501	-0.39430750	-0.60650006	-0.76873775	-0.92414146	-1.04795480	-1.14550390	-1.20402520	-1.23829110	-1.23787690	-1.22483190	-1.20866320	-1.19077400	-1.19113910	-1.23278060	-1.31155270	-1.40561170	-1.52815050	-1.63183660	-1.72106590	-1.78612140	-1.83127650	-1.86311430	-1.88276560	-1.89875620	-1.91063510	-1.91934400	-1.92584420	-1.93300770	-1.93930490	-1.94375060	-1.94793910	-1.95178980	-1.95466930	-1.95808200	-1.96184920	-1.96551010	-1.96869120	-1.97178160	-1.97508050	-1.97848390	-1.98188590	-1.98547790	-1.98899550	-1.99126100	-1.99300870	-1.99539280	-1.99752140
1	-0.51462958	-0.48927034	-0.43838821	-0.45496406	-0.60239219	-0.71440149	-0.78294266	-0.83606330	-0.85413660	-0.86456684	-0.87161075	-0.86796966	-0.88538036	-0.91420619	-0.94152311	-0.96492070	-0.97356067	-0.95965815	-0.94835395	-0.96095763	-0.96558812	-0.98575330	-1.01431340	-1.03149300	-1.04962120	-1.04445630	-1.01860170	-1.03050170	-1.04698650	-1.06049400	-1.08173890	-1.04302740	-1.01768000	-1.03777870	-1.02799780	-1.00544590	-0.98601204	-0.95461372	-0.89384241	-0.83487529	-0.78520518	-0.71661727	-0.62876087	-0.54825396	-0.51568993	-0.49854655	-0.49644224	-0.50145119	-0.50941248	-0.51729188	-0.49794054	-0.46683354	-0.39781851	-0.29376536	-0.17347527	-0.08773347	0.06631220	0.19420421	0.23114546	0.27009380	0.30264883	0.33711889	0.34443965	0.40674807	0.44173817	0.46622741	0.54000809	0.62775795	0.65218962	0.69248236	0.71167914	0.70783516	0.72747257	0.76863370	0.86629460	0.77311167	0.63496724	0.65864918	0.63725762	0.58311371	0.64114609	0.73064613	0.71582046	0.62830372	0.54273813	0.55052321	0.54141603	0.54954796	0.53821771	0.52916713	0.59560164	0.65510048	0.65815507	0.60700026	0.58315359	0.59036514	0.54305142	0.53073714	0.49355290	0.39573809	0.41674561	0.32470824	0.22094138	0.26837878	0.28877568	0.29264990	0.27379610	0.20231609	0.19361031	0.23900814	0.31351080	0.47211461	0.56430986	0.53173800	0.57137521	0.60440602	0.61543830	0.73592829	0.80209495	0.80051605	0.76483365	0.72141569	0.81929718	0.87391033	0.85639438	0.84003771	0.72717031	0.59500227	0.49582324	0.46562933	0.43402190	0.38498984	0.34288937	0.27266168	0.25796323	0.28058063	0.27727255	0.23506415	0.23463403	0.24114793	0.21115038	0.31011397	0.41609951	0.48046165	0.63856535	0.70953078	0.72002908	0.75182461	0.73941558	0.70300241	0.77284821	0.87914319	0.90916646	0.90056733	0.93924997	0.95682809	0.95879231	0.95724299	0.86934919	0.78691311	0.69683600	0.62776545	0.61144469	0.56040896	0.60770027	0.63194781	0.57910402	0.57151851	0.50879316	0.41315050	0.26158760	0.16913394	0.05128331	-0.08338798	-0.15038583	-0.21713267	-0.22227121	-0.18176379	-0.18167429	-0.20548752	-0.20342791	-0.12879042	-0.04812820	0.04297775	0.05749892	-0.00775358	-0.01930601	-0.04933947	-0.09274767	-0.03698017	0.05224141	0.11002609	0.17612297	0.24932369	0.39163632	0.37546840	0.38264319	0.50775381	0.58448029	0.66037278	0.79969825	0.92630042	1.01910720	1.03561930	1.14757030	1.37104030	1.46835460	1.51537670	1.40526540	1.33131840	1.34762690	1.35275000	1.37196920	1.26375340	1.14298160	1.31680070	1.60003380	1.75120600	1.72893950	1.94637600	2.04682870	2.01532090	1.69377050	1.40413430	1.32624490	1.19788340	1.03680270	1.05844020	1.26407920	1.29877910	1.34279680	1.66005250	1.87450670	1.90780450	1.65958910	1.11749150	0.71611531	0.43091008	0.12847496	-0.11549755	-0.39183892	-0.58940812	-0.78316099	-0.92292869	-1.01652220	-1.08319130	-1.12384150	-1.12743430	-1.11270420	-1.08475410	-1.05457500	-1.05055340	-1.08645930	-1.16709110	-1.28252450	-1.43370530	-1.56422110	-1.68048670	-1.76301780	-1.81817860	-1.85495520	-1.88021710	-1.89891110	-1.91047350	-1.92152360	-1.92999150	-1.93643150	-1.94314160	-1.94897790	-1.95372880	-1.95865140	-1.96109330	-1.96366320	-1.96872940	-1.97336060	-1.97663740	-1.98096410	-1.98507880	-1.98884190	-1.99244070	-1.99523450	-1.99835000	-2.00189580	-2.00457290	-2.00633420	-2.00801310
1	-0.62909419	-0.60395183	-0.63946480	-0.67217873	-0.72981696	-0.81130731	-0.86505099	-0.89712317	-0.92096930	-0.93593685	-0.93256674	-0.92058967	-0.91985788	-0.94675458	-0.98170740	-0.99948704	-1.00179320	-1.00049400	-0.99485472	-1.00858260	-1.03071190	-1.05212580	-1.06464410	-1.07518830	-1.09417010	-1.08703240	-1.06346970	-1.04835120	-1.04405810	-1.05622910	-1.05820350	-1.04496730	-1.04514480	-1.04485100	-1.03653890	-1.02204940	-0.99301770	-0.95051994	-0.91040555	-0.85722330	-0.80319141	-0.75399386	-0.63540482	-0.49886120	-0.46327337	-0.43493383	-0.42297675	-0.45276715	-0.44583241	-0.45015204	-0.44885689	-0.42898379	-0.38671734	-0.28587490	-0.15482875	-0.02444444	0.08350256	0.18044318	0.26382840	0.30653459	0.37543403	0.46652054	0.46059008	0.45800662	0.48586621	0.48897710	0.54194611	0.64068546	0.73745915	0.75955682	0.77146213	0.82745755	0.79338089	0.69665511	0.62737314	0.60070186	0.59429979	0.56334075	0.51635931	0.57175201	0.70873399	0.77785886	0.68273632	0.62933421	0.60366250	0.56487940	0.53660510	0.51768152	0.56806953	0.61125578	0.65937794	0.74213479	0.79554514	0.70322112	0.64689237	0.64200297	0.59892548	0.56062169	0.49353980	0.43082171	0.38251004	0.26099781	0.20935132	0.24433334	0.24478420	0.22959903	0.22340143	0.21417656	0.21131955	0.25286534	0.38248523	0.51268261	0.51850699	0.50272125	0.57618286	0.69922659	0.72652282	0.72705538	0.81651565	0.95110238	0.93648678	0.91169262	0.91123834	0.89498335	0.98481823	0.95734704	0.77726737	0.64179775	0.58531426	0.53922288	0.45857629	0.39747064	0.35788175	0.30485050	0.26826855	0.27310663	0.26201780	0.23385482	0.21325068	0.20870369	0.27242606	0.34113333	0.43105730	0.56302196	0.69799464	0.75849212	0.82917351	0.92604184	0.87186954	0.81250594	0.87520243	0.90048017	0.86745901	0.91833927	0.97856448	0.98869555	0.94410080	0.88680436	0.76187367	0.70053511	0.66745887	0.57023667	0.56511179	0.61428293	0.57035548	0.55327619	0.52502841	0.51166956	0.46412498	0.30428853	0.13416327	0.03286709	-0.04727614	-0.15884028	-0.24639980	-0.31023467	-0.32098033	-0.31242309	-0.31245186	-0.27691440	-0.25793820	-0.14052551	-0.02808650	0.03745267	0.03389649	-0.02180120	-0.07776710	-0.14620232	-0.18596905	-0.19283738	-0.08208149	0.03532457	0.11570606	0.23076500	0.43825875	0.48070646	0.44604954	0.51582942	0.58037117	0.75259545	0.90844485	1.01458550	1.18165490	1.31250560	1.42029430	1.46392710	1.56749390	1.68557760	1.66310210	1.58139430	1.44754830	1.33699960	1.42214780	1.40758640	1.31455420	1.46202350	1.52197350	1.61040070	1.76822190	1.99813030	1.96481740	1.77892230	1.53628600	1.32790460	1.15759120	0.92163783	0.88708058	1.03995100	1.17547790	1.40157250	1.56672720	1.76768520	1.95086440	1.78048470	1.32412800	0.78661810	0.44644832	0.15414149	-0.13145871	-0.37618888	-0.60670436	-0.77847169	-0.94907721	-1.07781810	-1.18596720	-1.25389120	-1.29296060	-1.31432220	-1.33149840	-1.33566460	-1.33532810	-1.35356490	-1.38608510	-1.43293550	-1.49247300	-1.56104910	-1.61655110	-1.66534960	-1.70009320	-1.72281080	-1.74028180	-1.75214510	-1.76161100	-1.76843790	-1.77389770	-1.77864860	-1.78350030	-1.78779710	-1.78983160	-1.79184510	-1.79528930	-1.79781620	-1.79996980	-1.80246520	-1.80489300	-1.80766120	-1.81016410	-1.81235780	-1.81603530	-1.81939560	-1.82176020	-1.82350150	-1.82541320	-1.82778020	-1.82914160	-1.83080870
1	-0.62617203	-0.55686824	-0.54579751	-0.58558229	-0.67391162	-0.76622656	-0.82892123	-0.86945233	-0.88105878	-0.87628436	-0.85910846	-0.84050597	-0.85034776	-0.88228614	-0.92427149	-0.96566314	-1.00245360	-1.02266760	-1.01881680	-1.02947240	-1.04688660	-1.05522180	-1.07938250	-1.09958630	-1.09998040	-1.09317070	-1.06723250	-1.02862980	-1.02677200	-1.04138590	-1.03805480	-1.03205790	-1.02534590	-1.02934690	-1.02653170	-1.00722210	-0.99221554	-0.96465459	-0.91062848	-0.85370540	-0.79207248	-0.69612947	-0.58795997	-0.48583699	-0.39117600	-0.35482246	-0.35984217	-0.37330965	-0.36459025	-0.37319925	-0.39446017	-0.37417841	-0.35821213	-0.31275504	-0.21414630	-0.08914269	0.08293561	0.20713307	0.27910086	0.35914723	0.37816907	0.39592728	0.41775185	0.45291960	0.51124981	0.55730972	0.55322020	0.57635777	0.69543055	0.73785551	0.72578801	0.74680471	0.66049777	0.60794881	0.57460608	0.56901280	0.52917229	0.42902048	0.47920566	0.58726357	0.66548081	0.72028540	0.67446879	0.60979302	0.54550643	0.49243195	0.51295027	0.54765087	0.54700410	0.58495141	0.69317757	0.74056955	0.73567996	0.68793680	0.61236821	0.59283448	0.61251527	0.60777487	0.57631978	0.50633308	0.40397541	0.30622259	0.26531820	0.23451055	0.20343630	0.21846339	0.24051313	0.23610167	0.26171661	0.32966397	0.39193240	0.46765018	0.53414130	0.58701894	0.68073969	0.75245014	0.82127950	0.93092271	0.94767462	0.99320213	1.05844070	1.00906410	1.01169910	1.06269680	1.07460430	1.05800250	0.93001860	0.78198993	0.70451715	0.62519566	0.49920878	0.40474265	0.36968371	0.33521753	0.29446882	0.27794432	0.25855594	0.25513821	0.24793779	0.23348347	0.28020498	0.35389150	0.43514683	0.53510762	0.66537332	0.75073949	0.79663182	0.90460898	0.92981422	0.85734368	0.86760694	0.94534777	0.97932906	0.94550781	0.95506102	1.01616660	0.98726044	0.93220606	0.81725709	0.74221336	0.68479334	0.61899677	0.64552005	0.65356090	0.58594898	0.55384129	0.55687329	0.51046338	0.44547018	0.37134353	0.21499615	0.07680331	-0.04552823	-0.18789717	-0.28509508	-0.32797752	-0.32173018	-0.29831582	-0.30077954	-0.31248474	-0.31090963	-0.18772429	-0.05183421	0.02431008	0.07930740	0.01294640	-0.08853245	-0.14005605	-0.20808336	-0.26178185	-0.20901421	-0.07979677	0.05247464	0.14934745	0.23158273	0.29685484	0.34580458	0.44826524	0.56386125	0.71213349	0.88132751	1.01453900	1.11125590	1.25217700	1.32050450	1.36946140	1.51183680	1.59485960	1.59058760	1.60812000	1.49272520	1.31571370	1.30171430	1.36440770	1.47131060	1.52827490	1.43011330	1.53088700	1.68795740	1.80590470	1.92915940	1.78263370	1.43777890	1.13044190	0.98406245	0.92790553	0.89418965	1.02698570	1.28705900	1.44592850	1.58221920	1.85439510	1.97062920	1.79458500	1.44316430	0.90936553	0.40511845	0.03642417	-0.29388543	-0.55064354	-0.75414158	-0.91100072	-1.07055560	-1.18230960	-1.27344670	-1.33468650	-1.38184890	-1.41315550	-1.43302880	-1.44892460	-1.46425880	-1.48106090	-1.50407100	-1.53763280	-1.57590190	-1.61616730	-1.64853510	-1.67627560	-1.69744160	-1.71206230	-1.72351770	-1.73173970	-1.73834840	-1.74403290	-1.74840240	-1.75140380	-1.75507820	-1.75887150	-1.76139940	-1.76298180	-1.76515320	-1.76694330	-1.76886140	-1.77177420	-1.77527140	-1.77719240	-1.77920580	-1.78243880	-1.78532030	-1.78801020	-1.79062270	-1.79347690	-1.79604240	-1.79783570	-1.79904040	-1.80019140
